-- phpMyAdmin SQL Dump
-- version 5.2.1
-- https://www.phpmyadmin.net/
--
-- Máy chủ: 127.0.0.1
-- Thời gian đã tạo: Th3 25, 2025 lúc 02:47 PM
-- Phiên bản máy phục vụ: 10.4.32-MariaDB
-- Phiên bản PHP: 8.0.30

SET SQL_MODE = "NO_AUTO_VALUE_ON_ZERO";
START TRANSACTION;
SET time_zone = "+00:00";


/*!40101 SET @OLD_CHARACTER_SET_CLIENT=@@CHARACTER_SET_CLIENT */;
/*!40101 SET @OLD_CHARACTER_SET_RESULTS=@@CHARACTER_SET_RESULTS */;
/*!40101 SET @OLD_COLLATION_CONNECTION=@@COLLATION_CONNECTION */;
/*!40101 SET NAMES utf8mb4 */;

--
-- Cơ sở dữ liệu: `happyeduhub`
--

-- --------------------------------------------------------

--
-- Cấu trúc bảng cho bảng `additionalstudentdatas`
--

CREATE TABLE `additionalstudentdatas` (
  `user_id` int(11) NOT NULL,
  `first_contact_name` varchar(255) NOT NULL,
  `first_contact_tel` varchar(255) NOT NULL,
  `second_contact_name` varchar(255) DEFAULT NULL,
  `second_contact_tel` varchar(255) DEFAULT NULL,
  `created_at` datetime NOT NULL DEFAULT '2025-03-14 11:03:24',
  `updated_at` datetime NOT NULL DEFAULT '2025-03-14 11:03:24',
  `homeroom_teacher_id` int(11) DEFAULT NULL,
  `cccd` varchar(255) DEFAULT NULL,
  `school` varchar(255) DEFAULT NULL,
  `class` varchar(255) DEFAULT NULL
) ENGINE=InnoDB DEFAULT CHARSET=utf8mb4 COLLATE=utf8mb4_general_ci;

--
-- Đang đổ dữ liệu cho bảng `additionalstudentdatas`
--

INSERT INTO `additionalstudentdatas` (`user_id`, `first_contact_name`, `first_contact_tel`, `second_contact_name`, `second_contact_tel`, `created_at`, `updated_at`, `homeroom_teacher_id`, `cccd`, `school`, `class`) VALUES
(9, 'Nguyễn Văn B', '0123456789', NULL, NULL, '2025-03-14 11:04:32', '2025-03-14 11:04:32', NULL, '031202000167', 'THPT Thái Phiên', '12A4'),
(10, 'Nguyễn Bá C', '0998765432', NULL, NULL, '2025-03-14 11:04:32', '2025-03-14 11:04:32', NULL, '031202000154', 'THPT Mạc Đĩnh Chi', '11A4'),
(11, 'Nguyễn Văn B', '0123456789', NULL, NULL, '2025-03-14 11:06:54', '2025-03-14 11:06:54', NULL, '031202000167', 'THPT Thái Phiên', '12A4'),
(12, 'Nguyễn Bá C', '0998765432', NULL, NULL, '2025-03-14 11:06:54', '2025-03-14 11:06:54', NULL, '031202000154', 'THPT Mạc Đĩnh Chi', '11A4'),
(13, '#', '0000000000', NULL, NULL, '2025-03-14 11:11:36', '2025-03-14 11:11:36', NULL, '031202000167', 'THPT Thái Phiên', '12A4'),
(14, '#', '0000000000', NULL, NULL, '2025-03-14 11:11:36', '2025-03-14 11:11:36', NULL, '031202000154', 'THPT Thái Phiên', '12A5'),
(15, '#', '0000000000', NULL, NULL, '2025-03-14 11:11:36', '2025-03-14 11:11:36', NULL, '', 'THPT Thái Phiên', '12A6'),
(16, '#', '0000000000', NULL, NULL, '2025-03-14 11:11:36', '2025-03-14 11:11:36', NULL, '', 'THPT Thái Phiên', '12A7'),
(17, '#', '0000000000', NULL, NULL, '2025-03-14 11:11:36', '2025-03-14 11:11:36', NULL, '', 'THPT Thái Phiên', '12A8'),
(18, '#', '0000000000', NULL, NULL, '2025-03-14 11:11:36', '2025-03-14 11:11:36', NULL, '', 'THPT Thái Phiên', '12A9'),
(19, '#', '0000000000', NULL, NULL, '2025-03-14 11:11:36', '2025-03-14 11:11:36', NULL, '', 'THPT Thái Phiên', '12A10'),
(20, '#', '0000000000', NULL, NULL, '2025-03-14 11:11:36', '2025-03-14 11:11:36', NULL, '', 'THPT Thái Phiên', '12A11'),
(21, '#', '0000000000', NULL, NULL, '2025-03-14 11:11:36', '2025-03-14 11:11:36', NULL, '', 'THPT Thái Phiên', '12A12'),
(22, '#', '0000000000', NULL, NULL, '2025-03-14 11:11:36', '2025-03-14 11:11:36', NULL, '', 'THPT Thái Phiên', '12A13'),
(23, '#', '0000000000', NULL, NULL, '2025-03-14 11:11:36', '2025-03-14 11:11:36', NULL, '', 'THPT Thái Phiên', '12A14'),
(24, '#', '0000000000', NULL, NULL, '2025-03-14 11:11:36', '2025-03-14 11:11:36', NULL, '', 'THPT Thái Phiên', '12A15'),
(25, '#', '0000000000', NULL, NULL, '2025-03-14 11:11:36', '2025-03-14 11:11:36', NULL, '', 'THPT Thái Phiên', '12A16'),
(26, '#', '0000000000', NULL, NULL, '2025-03-14 11:11:36', '2025-03-14 11:11:36', NULL, '', 'THPT Thái Phiên', '12A17'),
(27, '#', '0000000000', NULL, NULL, '2025-03-14 11:11:36', '2025-03-14 11:11:36', NULL, '', 'THPT Thái Phiên', '12A18'),
(28, '#', '0000000000', NULL, NULL, '2025-03-14 11:11:36', '2025-03-14 11:11:36', NULL, '', 'THPT Thái Phiên', '12A19'),
(29, '#', '0000000000', NULL, NULL, '2025-03-14 11:11:37', '2025-03-14 11:11:37', NULL, '', 'THPT Thái Phiên', '12A20'),
(30, '#', '0000000000', NULL, NULL, '2025-03-14 11:11:37', '2025-03-14 11:11:37', NULL, '', 'THPT Thái Phiên', '12A21'),
(31, '#', '0000000000', NULL, NULL, '2025-03-14 11:11:37', '2025-03-14 11:11:37', NULL, '', 'THPT Thái Phiên', '12A22'),
(32, '#', '0000000000', NULL, NULL, '2025-03-14 11:11:37', '2025-03-14 11:11:37', NULL, '', 'THPT Thái Phiên', '12A23'),
(33, '#', '0000000000', NULL, NULL, '2025-03-14 11:11:37', '2025-03-14 11:11:37', NULL, '', 'THPT Thái Phiên', '12A24'),
(34, '#', '0000000000', NULL, NULL, '2025-03-14 11:11:37', '2025-03-14 11:11:37', NULL, '', 'THPT Thái Phiên', '12A25'),
(35, '#', '0000000000', NULL, NULL, '2025-03-14 11:11:37', '2025-03-14 11:11:37', NULL, '', 'THPT Thái Phiên', '12A26'),
(36, '#', '0000000000', NULL, NULL, '2025-03-14 11:11:37', '2025-03-14 11:11:37', NULL, '', 'THPT Thái Phiên', '12A27'),
(37, '#', '0000000000', NULL, NULL, '2025-03-14 11:11:37', '2025-03-14 11:11:37', NULL, '', 'THPT Thái Phiên', '12A28'),
(38, '#', '0000000000', NULL, NULL, '2025-03-14 11:11:37', '2025-03-14 11:11:37', NULL, '', 'THPT Thái Phiên', '12A29'),
(39, '#', '0000000000', NULL, NULL, '2025-03-14 11:11:37', '2025-03-14 11:11:37', NULL, '', 'THPT Thái Phiên', '12A30'),
(40, '#', '0000000000', NULL, NULL, '2025-03-14 11:11:37', '2025-03-14 11:11:37', NULL, '', 'THPT Thái Phiên', '12A31'),
(41, '#', '0000000000', NULL, NULL, '2025-03-14 11:11:37', '2025-03-14 11:11:37', NULL, '', 'THPT Thái Phiên', '12A32'),
(42, '#', '0000000000', NULL, NULL, '2025-03-14 11:11:37', '2025-03-14 11:11:37', NULL, '', 'THPT Thái Phiên', '12A33'),
(43, '#', '0000000000', NULL, NULL, '2025-03-14 11:11:37', '2025-03-14 11:11:37', NULL, '', 'THPT Thái Phiên', '12A34'),
(44, '#', '0000000000', NULL, NULL, '2025-03-14 11:11:37', '2025-03-14 11:11:37', NULL, '', 'THPT Thái Phiên', '12A35'),
(45, '#', '0000000000', NULL, NULL, '2025-03-14 11:11:37', '2025-03-14 11:11:37', NULL, '', 'THPT Thái Phiên', '12A36'),
(46, '#', '0000000000', NULL, NULL, '2025-03-14 11:11:37', '2025-03-14 11:11:37', NULL, '', 'THPT Thái Phiên', '12A37');

-- --------------------------------------------------------

--
-- Cấu trúc bảng cho bảng `additionalteacherdatas`
--

CREATE TABLE `additionalteacherdatas` (
  `user_id` int(11) NOT NULL,
  `subject_id` int(11) NOT NULL,
  `created_at` datetime NOT NULL DEFAULT '2025-03-14 11:03:26',
  `updated_at` datetime NOT NULL DEFAULT '2025-03-14 11:03:26',
  `portfolio` text NOT NULL
) ENGINE=InnoDB DEFAULT CHARSET=utf8mb4 COLLATE=utf8mb4_general_ci;

--
-- Đang đổ dữ liệu cho bảng `additionalteacherdatas`
--

INSERT INTO `additionalteacherdatas` (`user_id`, `subject_id`, `created_at`, `updated_at`, `portfolio`) VALUES
(4, 1, '2025-03-14 11:03:29', '2025-03-14 11:03:29', '{\"hero_image\":\"https://drive.google.com/file/d/1BYAg057pDjrGRDfZRrVrvEzymppcV-ws/view?usp=drivesdk\",\"hoc_ham\":\"Tiến sĩ\",\"school\":\"trung học phổ thông hàm rồng\",\"start_teaching_year\":\"2012\",\"bio\":\"123\",\"teaching_philosophy\":\"1111\",\"achievements\":[],\"career\":[{\"start_year\":\"2012\",\"end_year\":\"2018\",\"school\":\"thpt hàm rồng\",\"role\":\"Giáo viên\",\"desc\":\"\"}],\"images\":[],\"teaching_grades\":[12],\"gallery\":[\"https://drive.google.com/file/d/1oJ02pPgKDW-Wm3N1mI20r497b36GOhKZ/view?usp=drivesdk\"]}'),
(5, 1, '2025-03-14 11:03:29', '2025-03-25 20:28:10', '{\"hero_image\":\"https://drive.google.com/file/d/1BYAg057pDjrGRDfZRrVrvEzymppcV-ws/view?usp=drivesdk\",\"hoc_ham\":\"Tiến sĩ\",\"school\":\"trung học phổ thông hàm rồng\",\"start_teaching_year\":\"2012\",\"bio\":\"123\",\"teaching_philosophy\":\"1111\",\"achievements\":[],\"career\":[{\"start_year\":\"2012\",\"end_year\":\"2018\",\"school\":\"thpt hàm rồng\",\"role\":\"Giáo viên\",\"desc\":\"\"}],\"gallery\":[\"https://drive.google.com/file/d/1oJ02pPgKDW-Wm3N1mI20r497b36GOhKZ/view?usp=drivesdk\"],\"teaching_grades\":[12],\"main_subjects\":[],\"images\":[]}'),
(47, 1, '2025-03-14 14:06:12', '2025-03-14 14:06:12', '{\"hero_image\":\"https://drive.google.com/file/d/1BYAg057pDjrGRDfZRrVrvEzymppcV-ws/view?usp=drivesdk\",\"hoc_ham\":\"Tiến sĩ\",\"school\":\"trung học phổ thông hàm rồng\",\"start_teaching_year\":\"2012\",\"bio\":\"123\",\"teaching_philosophy\":\"1111\",\"achievements\":[],\"career\":[{\"start_year\":\"2012\",\"end_year\":\"2018\",\"school\":\"thpt hàm rồng\",\"role\":\"Giáo viên\",\"desc\":\"\"}],\"images\":[],\"teaching_grades\":[12],\"gallery\":[\"https://drive.google.com/file/d/1oJ02pPgKDW-Wm3N1mI20r497b36GOhKZ/view?usp=drivesdk\"]}');

-- --------------------------------------------------------

--
-- Cấu trúc bảng cho bảng `assignments`
--

CREATE TABLE `assignments` (
  `id` int(11) NOT NULL,
  `exam_id` int(11) NOT NULL,
  `course_id` int(11) NOT NULL,
  `name` varchar(255) NOT NULL,
  `assignment_type` varchar(255) NOT NULL,
  `note` varchar(255) DEFAULT NULL,
  `start_time` datetime DEFAULT NULL,
  `end_time` datetime DEFAULT NULL,
  `created_at` datetime NOT NULL DEFAULT '2025-03-14 11:03:25',
  `updated_at` datetime NOT NULL DEFAULT '2025-03-14 11:03:25'
) ENGINE=InnoDB DEFAULT CHARSET=utf8mb4 COLLATE=utf8mb4_general_ci;

--
-- Đang đổ dữ liệu cho bảng `assignments`
--

INSERT INTO `assignments` (`id`, `exam_id`, `course_id`, `name`, `assignment_type`, `note`, `start_time`, `end_time`, `created_at`, `updated_at`) VALUES
(1, 1, 1, 'Test assignment 1', 'TEST', 'Test note 1', NULL, NULL, '2025-03-14 11:03:29', '2025-03-14 11:03:29'),
(2, 3, 1, 'Test assignment 2', 'EXCERCISE', 'Test note 2', NULL, NULL, '2025-03-14 11:03:29', '2025-03-14 11:03:29'),
(3, 2, 1, 'Test assignment private 3', 'TEST', 'This is a private assignment', NULL, NULL, '2025-03-14 11:03:29', '2025-03-14 11:03:29'),
(4, 4, 3, 'Tìa liệu nghiên cứu', 'EXCERCISE', NULL, NULL, NULL, '2025-03-14 11:14:59', '2025-03-14 11:14:59'),
(5, 5, 3, 'test', 'EXCERCISE', NULL, NULL, NULL, '2025-03-16 22:31:10', '2025-03-16 22:31:10'),
(6, 6, 3, '123', 'TEST', NULL, NULL, NULL, '2025-03-17 20:51:21', '2025-03-17 20:51:21'),
(7, 5, 11, '123', 'EXCERCISE', NULL, NULL, NULL, '2025-03-18 09:34:40', '2025-03-18 09:34:40'),
(8, 6, 16, '123', 'EXCERCISE', NULL, NULL, NULL, '2025-03-19 10:28:54', '2025-03-19 10:28:54'),
(9, 1, 16, '1', 'EXCERCISE', NULL, NULL, NULL, '2025-03-19 14:00:49', '2025-03-19 14:00:49'),
(10, 3, 3, 'Test KT 1', 'EXCERCISE', NULL, NULL, NULL, '2025-03-19 15:30:45', '2025-03-19 15:30:45'),
(11, 14, 3, 'Tài liệu nghiên cứu ', 'TAILIEU', NULL, NULL, NULL, '2025-03-19 21:38:33', '2025-03-19 21:38:33'),
(12, 11, 3, 'test 19/3', 'TAILIEU', NULL, NULL, NULL, '2025-03-19 21:39:07', '2025-03-19 21:39:07');

-- --------------------------------------------------------

--
-- Cấu trúc bảng cho bảng `awards`
--

CREATE TABLE `awards` (
  `id` int(11) NOT NULL,
  `user_id` int(11) NOT NULL,
  `description` varchar(255) DEFAULT NULL,
  `time` datetime DEFAULT NULL,
  `created_at` datetime NOT NULL DEFAULT '2025-03-14 11:03:24',
  `updated_at` datetime NOT NULL DEFAULT '2025-03-14 11:03:24',
  `image` varchar(255) DEFAULT NULL,
  `type` enum('IMAGE','DEGREE','CONTEST','PAPER','OTHER') NOT NULL
) ENGINE=InnoDB DEFAULT CHARSET=utf8mb4 COLLATE=utf8mb4_general_ci;

-- --------------------------------------------------------

--
-- Cấu trúc bảng cho bảng `blogs`
--

CREATE TABLE `blogs` (
  `id` int(11) NOT NULL,
  `author_id` int(11) NOT NULL,
  `title` varchar(255) NOT NULL,
  `content` text NOT NULL,
  `thumbnail_url` varchar(255) DEFAULT NULL,
  `created_at` datetime NOT NULL DEFAULT '2025-03-14 11:03:24',
  `updated_at` datetime NOT NULL DEFAULT '2025-03-14 11:03:24',
  `is_approved` tinyint(1) NOT NULL DEFAULT 0,
  `type` enum('POST','DOCUMENT') NOT NULL DEFAULT 'POST'
) ENGINE=InnoDB DEFAULT CHARSET=utf8mb4 COLLATE=utf8mb4_general_ci;

--
-- Đang đổ dữ liệu cho bảng `blogs`
--

INSERT INTO `blogs` (`id`, `author_id`, `title`, `content`, `thumbnail_url`, `created_at`, `updated_at`, `is_approved`, `type`) VALUES
(1, 5, 'Ôn thi cấp tốc vào 10', '<p>Nội dung: bdasdsa</p>', NULL, '2025-03-19 11:19:18', '2025-03-19 21:22:53', 1, 'DOCUMENT'),
(2, 5, 'Bí quyết ôn thi', '<p>Ôn thi vào 10</p>', NULL, '2025-03-19 14:41:06', '2025-03-19 14:41:06', 0, 'POST');

-- --------------------------------------------------------

--
-- Cấu trúc bảng cho bảng `courseblogs`
--

CREATE TABLE `courseblogs` (
  `id` int(11) NOT NULL,
  `course_id` int(11) NOT NULL,
  `blog_id` int(11) NOT NULL,
  `created_at` datetime NOT NULL DEFAULT '2025-03-14 11:03:25',
  `updated_at` datetime NOT NULL DEFAULT '2025-03-14 11:03:25'
) ENGINE=InnoDB DEFAULT CHARSET=utf8mb4 COLLATE=utf8mb4_general_ci;

-- --------------------------------------------------------

--
-- Cấu trúc bảng cho bảng `courselessons`
--

CREATE TABLE `courselessons` (
  `id` int(11) NOT NULL,
  `course_id` int(11) NOT NULL,
  `index` int(11) NOT NULL,
  `status` varchar(255) NOT NULL DEFAULT '["NORMAL"]',
  `shift` int(11) NOT NULL,
  `take_place_at` datetime NOT NULL,
  `room` varchar(255) NOT NULL,
  `note` text DEFAULT NULL,
  `created_at` datetime NOT NULL DEFAULT '2025-03-14 11:03:26',
  `updated_at` datetime NOT NULL DEFAULT '2025-03-14 11:03:26'
) ENGINE=InnoDB DEFAULT CHARSET=utf8mb4 COLLATE=utf8mb4_general_ci;

--
-- Đang đổ dữ liệu cho bảng `courselessons`
--

INSERT INTO `courselessons` (`id`, `course_id`, `index`, `status`, `shift`, `take_place_at`, `room`, `note`, `created_at`, `updated_at`) VALUES
(3, 3, 1, '[\"NORMAL\"]', 4, '2025-03-13 00:00:00', 'T2P2_CS2', NULL, '2025-03-17 21:43:40', '2025-03-17 21:43:40'),
(4, 3, 2, '[\"NORMAL\"]', 3, '2025-03-17 00:00:00', 'T3_CS1', NULL, '2025-03-17 21:43:40', '2025-03-17 21:43:40'),
(5, 3, 3, '[\"NORMAL\"]', 4, '2025-03-20 00:00:00', 'T2P2_CS2', NULL, '2025-03-17 21:43:40', '2025-03-17 21:43:40'),
(6, 3, 4, '[\"NORMAL\"]', 3, '2025-03-22 00:00:00', 'T3_CS1', NULL, '2025-03-17 21:43:40', '2025-03-17 21:43:40'),
(7, 3, 5, '[\"NORMAL\"]', 4, '2025-03-27 00:00:00', 'T2P2_CS2', NULL, '2025-03-17 21:43:40', '2025-03-17 21:43:40'),
(8, 3, 6, '[\"NORMAL\"]', 3, '2025-03-29 00:00:00', 'T3_CS1', NULL, '2025-03-17 21:43:40', '2025-03-17 21:43:40'),
(9, 3, 7, '[\"NORMAL\"]', 4, '2025-04-03 00:00:00', 'T2P2_CS2', NULL, '2025-03-17 21:43:40', '2025-03-17 21:43:40'),
(10, 3, 8, '[\"NORMAL\"]', 3, '2025-04-05 00:00:00', 'T3_CS1', NULL, '2025-03-17 21:43:40', '2025-03-17 21:43:40'),
(11, 3, 9, '[\"NORMAL\"]', 4, '2025-04-10 00:00:00', 'T2P2_CS2', NULL, '2025-03-17 21:43:40', '2025-03-17 21:43:40'),
(12, 3, 10, '[\"NORMAL\"]', 3, '2025-04-12 00:00:00', 'T3_CS1', NULL, '2025-03-17 21:43:40', '2025-03-17 21:43:40'),
(13, 3, 11, '[\"NORMAL\"]', 4, '2025-04-17 00:00:00', 'T2P2_CS2', NULL, '2025-03-17 21:43:40', '2025-03-17 21:43:40'),
(14, 3, 12, '[\"NORMAL\"]', 3, '2025-04-19 00:00:00', 'T3_CS1', NULL, '2025-03-17 21:43:40', '2025-03-17 21:43:40'),
(15, 3, 13, '[\"NORMAL\"]', 4, '2025-04-24 00:00:00', 'T2P2_CS2', NULL, '2025-03-17 21:43:40', '2025-03-17 21:43:40'),
(16, 3, 14, '[\"NORMAL\"]', 3, '2025-04-26 00:00:00', 'T3_CS1', NULL, '2025-03-17 21:43:40', '2025-03-17 21:43:40'),
(17, 3, 15, '[\"NORMAL\"]', 4, '2025-05-01 00:00:00', 'T2P2_CS2', NULL, '2025-03-17 21:43:40', '2025-03-17 21:43:40'),
(18, 3, 16, '[\"NORMAL\"]', 3, '2025-05-03 00:00:00', 'T3_CS1', NULL, '2025-03-17 21:43:40', '2025-03-17 21:43:40'),
(19, 3, 17, '[\"NORMAL\"]', 4, '2025-05-08 00:00:00', 'T2P2_CS2', NULL, '2025-03-17 21:43:40', '2025-03-17 21:43:40'),
(20, 3, 18, '[\"NORMAL\"]', 3, '2025-05-10 00:00:00', 'T3_CS1', NULL, '2025-03-17 21:43:40', '2025-03-17 21:43:40'),
(21, 3, 19, '[\"NORMAL\"]', 4, '2025-05-15 00:00:00', 'T2P2_CS2', NULL, '2025-03-17 21:43:40', '2025-03-17 21:43:40'),
(22, 3, 20, '[\"NORMAL\"]', 3, '2025-05-17 00:00:00', 'T3_CS1', NULL, '2025-03-17 21:43:40', '2025-03-17 21:43:40'),
(23, 3, 21, '[\"NORMAL\"]', 4, '2025-05-22 00:00:00', 'T2P2_CS2', NULL, '2025-03-17 21:43:40', '2025-03-17 21:43:40'),
(24, 3, 22, '[\"NORMAL\"]', 3, '2025-05-24 00:00:00', 'T3_CS1', NULL, '2025-03-17 21:43:40', '2025-03-17 21:43:40'),
(25, 3, 23, '[\"NORMAL\"]', 4, '2025-05-29 00:00:00', 'T2P2_CS2', NULL, '2025-03-17 21:43:40', '2025-03-17 21:43:40'),
(26, 3, 24, '[\"NORMAL\"]', 3, '2025-05-31 00:00:00', 'T3_CS1', NULL, '2025-03-17 21:43:40', '2025-03-17 21:43:40'),
(27, 3, 25, '[\"NORMAL\"]', 4, '2025-06-05 00:00:00', 'T2P2_CS2', NULL, '2025-03-17 21:43:40', '2025-03-17 21:43:40'),
(28, 3, 26, '[\"NORMAL\"]', 3, '2025-06-07 00:00:00', 'T3_CS1', NULL, '2025-03-17 21:43:40', '2025-03-17 21:43:40'),
(29, 3, 27, '[\"NORMAL\"]', 4, '2025-06-12 00:00:00', 'T2P2_CS2', NULL, '2025-03-17 21:43:40', '2025-03-17 21:43:40'),
(30, 3, 28, '[\"NORMAL\"]', 3, '2025-06-14 00:00:00', 'T3_CS1', NULL, '2025-03-17 21:43:40', '2025-03-17 21:43:40'),
(31, 3, 29, '[\"NORMAL\"]', 4, '2025-06-19 00:00:00', 'T2P2_CS2', NULL, '2025-03-17 21:43:40', '2025-03-17 21:43:40'),
(32, 3, 30, '[\"NORMAL\"]', 3, '2025-06-21 00:00:00', 'T3_CS1', NULL, '2025-03-17 21:43:40', '2025-03-17 21:43:40'),
(33, 3, 31, '[\"NORMAL\"]', 4, '2025-06-26 00:00:00', 'T2P2_CS2', NULL, '2025-03-17 21:43:40', '2025-03-17 21:43:40'),
(34, 3, 32, '[\"NORMAL\"]', 3, '2025-06-28 00:00:00', 'T3_CS1', NULL, '2025-03-17 21:43:40', '2025-03-17 21:43:40'),
(35, 3, 33, '[\"NORMAL\"]', 4, '2025-07-03 00:00:00', 'T2P2_CS2', NULL, '2025-03-17 21:43:40', '2025-03-17 21:43:40'),
(36, 3, 34, '[\"NORMAL\"]', 3, '2025-07-05 00:00:00', 'T3_CS1', NULL, '2025-03-17 21:43:40', '2025-03-17 21:43:40'),
(37, 3, 35, '[\"NORMAL\"]', 4, '2025-07-10 00:00:00', 'T2P2_CS2', NULL, '2025-03-17 21:43:40', '2025-03-17 21:43:40'),
(38, 3, 36, '[\"NORMAL\"]', 3, '2025-07-12 00:00:00', 'T3_CS1', NULL, '2025-03-17 21:43:40', '2025-03-17 21:43:40'),
(39, 3, 37, '[\"NORMAL\"]', 4, '2025-07-17 00:00:00', 'T2P2_CS2', NULL, '2025-03-17 21:43:40', '2025-03-17 21:43:40'),
(40, 3, 38, '[\"NORMAL\"]', 3, '2025-07-19 00:00:00', 'T3_CS1', NULL, '2025-03-17 21:43:40', '2025-03-17 21:43:40'),
(41, 3, 39, '[\"NORMAL\"]', 4, '2025-07-24 00:00:00', 'T2P2_CS2', NULL, '2025-03-17 21:43:40', '2025-03-17 21:43:40'),
(42, 3, 40, '[\"NORMAL\"]', 3, '2025-07-26 00:00:00', 'T3_CS1', NULL, '2025-03-17 21:43:40', '2025-03-17 21:43:40'),
(43, 3, 41, '[\"NORMAL\"]', 4, '2025-07-31 00:00:00', 'T2P2_CS2', NULL, '2025-03-17 21:43:40', '2025-03-17 21:43:40'),
(44, 3, 42, '[\"NORMAL\"]', 3, '2025-08-02 00:00:00', 'T3_CS1', NULL, '2025-03-17 21:43:40', '2025-03-17 21:43:40'),
(45, 3, 43, '[\"NORMAL\"]', 4, '2025-08-07 00:00:00', 'T2P2_CS2', NULL, '2025-03-17 21:43:40', '2025-03-17 21:43:40'),
(46, 3, 44, '[\"NORMAL\"]', 3, '2025-08-09 00:00:00', 'T3_CS1', NULL, '2025-03-17 21:43:40', '2025-03-17 21:43:40'),
(47, 3, 45, '[\"NORMAL\"]', 4, '2025-08-14 00:00:00', 'T2P2_CS2', NULL, '2025-03-17 21:43:40', '2025-03-17 21:43:40'),
(48, 3, 46, '[\"NORMAL\"]', 3, '2025-08-16 00:00:00', 'T3_CS1', NULL, '2025-03-17 21:43:40', '2025-03-17 21:43:40'),
(49, 3, 47, '[\"NORMAL\"]', 4, '2025-08-21 00:00:00', 'T2P2_CS2', NULL, '2025-03-17 21:43:40', '2025-03-17 21:43:40'),
(50, 3, 48, '[\"NORMAL\"]', 3, '2025-08-23 00:00:00', 'T3_CS1', NULL, '2025-03-17 21:43:40', '2025-03-17 21:43:40'),
(51, 3, 49, '[\"NORMAL\"]', 4, '2025-08-28 00:00:00', 'T2P2_CS2', NULL, '2025-03-17 21:43:40', '2025-03-17 21:43:40'),
(52, 3, 50, '[\"NORMAL\"]', 3, '2025-08-30 00:00:00', 'T3_CS1', NULL, '2025-03-17 21:43:40', '2025-03-17 21:43:40'),
(53, 3, 51, '[\"NORMAL\"]', 4, '2025-09-04 00:00:00', 'T2P2_CS2', NULL, '2025-03-17 21:43:40', '2025-03-17 21:43:40'),
(54, 3, 52, '[\"NORMAL\"]', 3, '2025-09-06 00:00:00', 'T3_CS1', NULL, '2025-03-17 21:43:40', '2025-03-17 21:43:40'),
(55, 3, 53, '[\"NORMAL\"]', 4, '2025-09-11 00:00:00', 'T2P2_CS2', NULL, '2025-03-17 21:43:40', '2025-03-17 21:43:40'),
(56, 3, 54, '[\"NORMAL\"]', 3, '2025-09-13 00:00:00', 'T3_CS1', NULL, '2025-03-17 21:43:40', '2025-03-17 21:43:40'),
(57, 3, 55, '[\"NORMAL\"]', 4, '2025-09-18 00:00:00', 'T2P2_CS2', NULL, '2025-03-17 21:43:40', '2025-03-17 21:43:40'),
(58, 3, 56, '[\"NORMAL\"]', 3, '2025-09-20 00:00:00', 'T3_CS1', NULL, '2025-03-17 21:43:40', '2025-03-17 21:43:40'),
(59, 3, 57, '[\"NORMAL\"]', 4, '2025-09-25 00:00:00', 'T2P2_CS2', NULL, '2025-03-17 21:43:40', '2025-03-17 21:43:40'),
(60, 3, 58, '[\"NORMAL\"]', 3, '2025-09-27 00:00:00', 'T3_CS1', NULL, '2025-03-17 21:43:40', '2025-03-17 21:43:40'),
(61, 3, 59, '[\"NORMAL\"]', 4, '2025-10-02 00:00:00', 'T2P2_CS2', NULL, '2025-03-17 21:43:40', '2025-03-17 21:43:40'),
(62, 3, 60, '[\"NORMAL\"]', 3, '2025-10-04 00:00:00', 'T3_CS1', NULL, '2025-03-17 21:43:40', '2025-03-17 21:43:40'),
(63, 3, 61, '[\"NORMAL\"]', 4, '2025-10-09 00:00:00', 'T2P2_CS2', NULL, '2025-03-17 21:43:40', '2025-03-17 21:43:40'),
(64, 3, 62, '[\"NORMAL\"]', 3, '2025-10-11 00:00:00', 'T3_CS1', NULL, '2025-03-17 21:43:40', '2025-03-17 21:43:40'),
(65, 3, 63, '[\"NORMAL\"]', 4, '2025-10-16 00:00:00', 'T2P2_CS2', NULL, '2025-03-17 21:43:40', '2025-03-17 21:43:40'),
(66, 3, 64, '[\"NORMAL\"]', 3, '2025-10-18 00:00:00', 'T3_CS1', NULL, '2025-03-17 21:43:40', '2025-03-17 21:43:40'),
(67, 3, 65, '[\"NORMAL\"]', 4, '2025-10-23 00:00:00', 'T2P2_CS2', NULL, '2025-03-17 21:43:40', '2025-03-17 21:43:40'),
(68, 3, 66, '[\"NORMAL\"]', 3, '2025-10-25 00:00:00', 'T3_CS1', NULL, '2025-03-17 21:43:40', '2025-03-17 21:43:40'),
(69, 3, 67, '[\"NORMAL\"]', 4, '2025-10-30 00:00:00', 'T2P2_CS2', NULL, '2025-03-17 21:43:40', '2025-03-17 21:43:40'),
(70, 3, 68, '[\"NORMAL\"]', 3, '2025-11-01 00:00:00', 'T3_CS1', NULL, '2025-03-17 21:43:40', '2025-03-17 21:43:40'),
(71, 3, 69, '[\"NORMAL\"]', 4, '2025-11-06 00:00:00', 'T2P2_CS2', NULL, '2025-03-17 21:43:40', '2025-03-17 21:43:40'),
(72, 3, 70, '[\"NORMAL\"]', 3, '2025-11-08 00:00:00', 'T3_CS1', NULL, '2025-03-17 21:43:40', '2025-03-17 21:43:40'),
(73, 3, 71, '[\"NORMAL\"]', 4, '2025-11-13 00:00:00', 'T2P2_CS2', NULL, '2025-03-17 21:43:40', '2025-03-17 21:43:40'),
(74, 3, 72, '[\"NORMAL\"]', 3, '2025-11-15 00:00:00', 'T3_CS1', NULL, '2025-03-17 21:43:40', '2025-03-17 21:43:40'),
(75, 3, 73, '[\"NORMAL\"]', 4, '2025-11-20 00:00:00', 'T2P2_CS2', NULL, '2025-03-17 21:43:40', '2025-03-17 21:43:40'),
(76, 3, 74, '[\"NORMAL\"]', 3, '2025-11-22 00:00:00', 'T3_CS1', NULL, '2025-03-17 21:43:40', '2025-03-17 21:43:40'),
(77, 3, 75, '[\"NORMAL\"]', 4, '2025-11-27 00:00:00', 'T2P2_CS2', NULL, '2025-03-17 21:43:40', '2025-03-17 21:43:40'),
(78, 3, 76, '[\"NORMAL\"]', 3, '2025-11-29 00:00:00', 'T3_CS1', NULL, '2025-03-17 21:43:40', '2025-03-17 21:43:40'),
(79, 3, 77, '[\"NORMAL\"]', 4, '2025-12-04 00:00:00', 'T2P2_CS2', NULL, '2025-03-17 21:43:40', '2025-03-17 21:43:40'),
(80, 3, 78, '[\"NORMAL\"]', 3, '2025-12-06 00:00:00', 'T3_CS1', NULL, '2025-03-17 21:43:40', '2025-03-17 21:43:40'),
(81, 3, 79, '[\"NORMAL\"]', 4, '2025-12-11 00:00:00', 'T2P2_CS2', NULL, '2025-03-17 21:43:40', '2025-03-17 21:43:40'),
(82, 3, 80, '[\"NORMAL\"]', 3, '2025-12-13 00:00:00', 'T3_CS1', NULL, '2025-03-17 21:43:40', '2025-03-17 21:43:40'),
(83, 3, 81, '[\"NORMAL\"]', 4, '2025-12-18 00:00:00', 'T2P2_CS2', NULL, '2025-03-17 21:43:40', '2025-03-17 21:43:40'),
(84, 3, 82, '[\"NORMAL\"]', 3, '2025-12-20 00:00:00', 'T3_CS1', NULL, '2025-03-17 21:43:40', '2025-03-17 21:43:40'),
(85, 3, 83, '[\"NORMAL\"]', 4, '2025-12-25 00:00:00', 'T2P2_CS2', NULL, '2025-03-17 21:43:40', '2025-03-17 21:43:40'),
(86, 3, 84, '[\"NORMAL\"]', 3, '2025-12-27 00:00:00', 'T3_CS1', NULL, '2025-03-17 21:43:40', '2025-03-17 21:43:40'),
(87, 3, 85, '[\"NORMAL\"]', 4, '2026-01-01 00:00:00', 'T2P2_CS2', NULL, '2025-03-17 21:43:40', '2025-03-17 21:43:40'),
(88, 3, 86, '[\"NORMAL\"]', 3, '2026-01-03 00:00:00', 'T3_CS1', NULL, '2025-03-17 21:43:40', '2025-03-17 21:43:40'),
(89, 3, 87, '[\"NORMAL\"]', 4, '2026-01-08 00:00:00', 'T2P2_CS2', NULL, '2025-03-17 21:43:40', '2025-03-17 21:43:40'),
(90, 3, 88, '[\"NORMAL\"]', 3, '2026-01-10 00:00:00', 'T3_CS1', NULL, '2025-03-17 21:43:40', '2025-03-17 21:43:40'),
(91, 3, 89, '[\"NORMAL\"]', 4, '2026-01-15 00:00:00', 'T2P2_CS2', NULL, '2025-03-17 21:43:40', '2025-03-17 21:43:40'),
(92, 3, 90, '[\"NORMAL\"]', 3, '2026-01-17 00:00:00', 'T3_CS1', NULL, '2025-03-17 21:43:40', '2025-03-17 21:43:40'),
(93, 3, 91, '[\"NORMAL\"]', 4, '2026-01-22 00:00:00', 'T2P2_CS2', NULL, '2025-03-17 21:43:40', '2025-03-17 21:43:40'),
(94, 3, 92, '[\"NORMAL\"]', 3, '2026-01-24 00:00:00', 'T3_CS1', NULL, '2025-03-17 21:43:40', '2025-03-17 21:43:40'),
(95, 3, 93, '[\"NORMAL\"]', 4, '2026-01-29 00:00:00', 'T2P2_CS2', NULL, '2025-03-17 21:43:40', '2025-03-17 21:43:40'),
(96, 3, 94, '[\"NORMAL\"]', 3, '2026-01-31 00:00:00', 'T3_CS1', NULL, '2025-03-17 21:43:40', '2025-03-17 21:43:40'),
(97, 3, 95, '[\"NORMAL\"]', 4, '2026-02-05 00:00:00', 'T2P2_CS2', NULL, '2025-03-17 21:43:40', '2025-03-17 21:43:40'),
(98, 3, 96, '[\"NORMAL\"]', 3, '2026-02-07 00:00:00', 'T3_CS1', NULL, '2025-03-17 21:43:40', '2025-03-17 21:43:40'),
(99, 3, 97, '[\"NORMAL\"]', 4, '2026-02-12 00:00:00', 'T2P2_CS2', NULL, '2025-03-17 21:43:40', '2025-03-17 21:43:40'),
(100, 3, 98, '[\"NORMAL\"]', 3, '2026-02-14 00:00:00', 'T3_CS1', NULL, '2025-03-17 21:43:40', '2025-03-17 21:43:40'),
(101, 3, 99, '[\"NORMAL\"]', 4, '2026-02-19 00:00:00', 'T2P2_CS2', NULL, '2025-03-17 21:43:40', '2025-03-17 21:43:40'),
(102, 3, 100, '[\"NORMAL\"]', 3, '2026-02-21 00:00:00', 'T3_CS1', NULL, '2025-03-17 21:43:40', '2025-03-17 21:43:40'),
(103, 3, 101, '[\"NORMAL\"]', 4, '2026-02-26 00:00:00', 'T2P2_CS2', NULL, '2025-03-17 21:43:40', '2025-03-17 21:43:40'),
(104, 3, 102, '[\"NORMAL\"]', 3, '2026-02-28 00:00:00', 'T3_CS1', NULL, '2025-03-17 21:43:40', '2025-03-17 21:43:40'),
(105, 3, 103, '[\"NORMAL\"]', 4, '2026-03-05 00:00:00', 'T2P2_CS2', NULL, '2025-03-17 21:43:40', '2025-03-17 21:43:40'),
(106, 3, 104, '[\"NORMAL\"]', 3, '2026-03-07 00:00:00', 'T3_CS1', NULL, '2025-03-17 21:43:40', '2025-03-17 21:43:40'),
(107, 3, 105, '[\"NORMAL\"]', 4, '2026-03-12 00:00:00', 'T2P2_CS2', NULL, '2025-03-17 21:43:40', '2025-03-17 21:43:40'),
(108, 3, 106, '[\"NORMAL\"]', 3, '2026-03-14 00:00:00', 'T3_CS1', NULL, '2025-03-17 21:43:40', '2025-03-17 21:43:40'),
(109, 3, 107, '[\"NORMAL\"]', 4, '2026-03-19 00:00:00', 'T2P2_CS2', NULL, '2025-03-17 21:43:40', '2025-03-17 21:43:40'),
(110, 3, 108, '[\"NORMAL\"]', 3, '2026-03-21 00:00:00', 'T3_CS1', NULL, '2025-03-17 21:43:40', '2025-03-17 21:43:40'),
(111, 3, 109, '[\"NORMAL\"]', 4, '2026-03-26 00:00:00', 'T2P2_CS2', NULL, '2025-03-17 21:43:40', '2025-03-17 21:43:40'),
(112, 3, 110, '[\"NORMAL\"]', 3, '2026-03-28 00:00:00', 'T3_CS1', NULL, '2025-03-17 21:43:40', '2025-03-17 21:43:40'),
(113, 3, 111, '[\"NORMAL\"]', 4, '2026-04-02 00:00:00', 'T2P2_CS2', NULL, '2025-03-17 21:43:40', '2025-03-17 21:43:40'),
(114, 3, 112, '[\"NORMAL\"]', 3, '2026-04-04 00:00:00', 'T3_CS1', NULL, '2025-03-17 21:43:40', '2025-03-17 21:43:40'),
(115, 3, 113, '[\"NORMAL\"]', 4, '2026-04-09 00:00:00', 'T2P2_CS2', NULL, '2025-03-17 21:43:40', '2025-03-17 21:43:40'),
(116, 3, 114, '[\"NORMAL\"]', 3, '2026-04-11 00:00:00', 'T3_CS1', NULL, '2025-03-17 21:43:40', '2025-03-17 21:43:40'),
(117, 3, 115, '[\"NORMAL\"]', 4, '2026-04-16 00:00:00', 'T2P2_CS2', NULL, '2025-03-17 21:43:40', '2025-03-17 21:43:40'),
(118, 3, 116, '[\"NORMAL\"]', 3, '2026-04-18 00:00:00', 'T3_CS1', NULL, '2025-03-17 21:43:40', '2025-03-17 21:43:40'),
(119, 3, 117, '[\"NORMAL\"]', 4, '2026-04-23 00:00:00', 'T2P2_CS2', NULL, '2025-03-17 21:43:40', '2025-03-17 21:43:40'),
(120, 3, 118, '[\"NORMAL\"]', 3, '2026-04-25 00:00:00', 'T3_CS1', NULL, '2025-03-17 21:43:40', '2025-03-17 21:43:40'),
(121, 3, 119, '[\"NORMAL\"]', 4, '2026-04-30 00:00:00', 'T2P2_CS2', NULL, '2025-03-17 21:43:40', '2025-03-17 21:43:40'),
(122, 3, 120, '[\"NORMAL\"]', 3, '2026-05-02 00:00:00', 'T3_CS1', NULL, '2025-03-17 21:43:40', '2025-03-17 21:43:40'),
(123, 3, 121, '[\"NORMAL\"]', 4, '2026-05-07 00:00:00', 'T2P2_CS2', NULL, '2025-03-17 21:43:40', '2025-03-17 21:43:40'),
(124, 3, 122, '[\"NORMAL\"]', 3, '2026-05-09 00:00:00', 'T3_CS1', NULL, '2025-03-17 21:43:40', '2025-03-17 21:43:40'),
(125, 3, 123, '[\"NORMAL\"]', 4, '2026-05-14 00:00:00', 'T2P2_CS2', NULL, '2025-03-17 21:43:40', '2025-03-17 21:43:40'),
(126, 3, 124, '[\"NORMAL\"]', 3, '2026-05-16 00:00:00', 'T3_CS1', NULL, '2025-03-17 21:43:40', '2025-03-17 21:43:40'),
(127, 3, 125, '[\"NORMAL\"]', 4, '2026-05-21 00:00:00', 'T2P2_CS2', NULL, '2025-03-17 21:43:40', '2025-03-17 21:43:40'),
(128, 3, 126, '[\"NORMAL\"]', 3, '2026-05-23 00:00:00', 'T3_CS1', NULL, '2025-03-17 21:43:40', '2025-03-17 21:43:40'),
(129, 3, 127, '[\"NORMAL\"]', 4, '2026-05-28 00:00:00', 'T2P2_CS2', NULL, '2025-03-17 21:43:40', '2025-03-17 21:43:40'),
(130, 3, 128, '[\"NORMAL\"]', 3, '2026-05-30 00:00:00', 'T3_CS1', NULL, '2025-03-17 21:43:40', '2025-03-17 21:43:40'),
(131, 3, 129, '[\"NORMAL\"]', 4, '2026-06-04 00:00:00', 'T2P2_CS2', NULL, '2025-03-17 21:43:40', '2025-03-17 21:43:40'),
(132, 3, 130, '[\"NORMAL\"]', 3, '2026-06-06 00:00:00', 'T3_CS1', NULL, '2025-03-17 21:43:40', '2025-03-17 21:43:40'),
(133, 3, 131, '[\"NORMAL\"]', 4, '2026-06-11 00:00:00', 'T2P2_CS2', NULL, '2025-03-17 21:43:40', '2025-03-17 21:43:40'),
(134, 3, 132, '[\"NORMAL\"]', 3, '2026-06-13 00:00:00', 'T3_CS1', NULL, '2025-03-17 21:43:40', '2025-03-17 21:43:40'),
(135, 3, 133, '[\"NORMAL\"]', 4, '2026-06-18 00:00:00', 'T2P2_CS2', NULL, '2025-03-17 21:43:40', '2025-03-17 21:43:40'),
(136, 3, 134, '[\"NORMAL\"]', 3, '2026-06-20 00:00:00', 'T3_CS1', NULL, '2025-03-17 21:43:40', '2025-03-17 21:43:40'),
(137, 3, 135, '[\"NORMAL\"]', 4, '2026-06-25 00:00:00', 'T2P2_CS2', NULL, '2025-03-17 21:43:40', '2025-03-17 21:43:40'),
(138, 3, 136, '[\"NORMAL\"]', 3, '2026-06-27 00:00:00', 'T3_CS1', NULL, '2025-03-17 21:43:40', '2025-03-17 21:43:40'),
(139, 3, 137, '[\"NORMAL\"]', 4, '2026-07-02 00:00:00', 'T2P2_CS2', NULL, '2025-03-17 21:43:40', '2025-03-17 21:43:40'),
(140, 3, 138, '[\"NORMAL\"]', 3, '2026-07-04 00:00:00', 'T3_CS1', NULL, '2025-03-17 21:43:40', '2025-03-17 21:43:40'),
(141, 3, 139, '[\"NORMAL\"]', 4, '2026-07-09 00:00:00', 'T2P2_CS2', NULL, '2025-03-17 21:43:40', '2025-03-17 21:43:40'),
(142, 3, 140, '[\"NORMAL\"]', 3, '2026-07-11 00:00:00', 'T3_CS1', NULL, '2025-03-17 21:43:40', '2025-03-17 21:43:40'),
(143, 3, 141, '[\"NORMAL\"]', 4, '2026-07-16 00:00:00', 'T2P2_CS2', NULL, '2025-03-17 21:43:40', '2025-03-17 21:43:40'),
(144, 3, 142, '[\"NORMAL\"]', 3, '2026-07-18 00:00:00', 'T3_CS1', NULL, '2025-03-17 21:43:40', '2025-03-17 21:43:40'),
(145, 3, 143, '[\"NORMAL\"]', 4, '2026-07-23 00:00:00', 'T2P2_CS2', NULL, '2025-03-17 21:43:40', '2025-03-17 21:43:40'),
(146, 3, 144, '[\"NORMAL\"]', 3, '2026-07-25 00:00:00', 'T3_CS1', NULL, '2025-03-17 21:43:40', '2025-03-17 21:43:40'),
(147, 3, 145, '[\"NORMAL\"]', 4, '2026-07-30 00:00:00', 'T2P2_CS2', NULL, '2025-03-17 21:43:40', '2025-03-17 21:43:40'),
(148, 3, 146, '[\"NORMAL\"]', 3, '2026-08-01 00:00:00', 'T3_CS1', NULL, '2025-03-17 21:43:40', '2025-03-17 21:43:40'),
(149, 3, 147, '[\"NORMAL\"]', 4, '2026-08-06 00:00:00', 'T2P2_CS2', NULL, '2025-03-17 21:43:40', '2025-03-17 21:43:40'),
(150, 3, 148, '[\"NORMAL\"]', 3, '2026-08-08 00:00:00', 'T3_CS1', NULL, '2025-03-17 21:43:40', '2025-03-17 21:43:40'),
(151, 3, 149, '[\"NORMAL\"]', 4, '2026-08-13 00:00:00', 'T2P2_CS2', NULL, '2025-03-17 21:43:40', '2025-03-17 21:43:40'),
(152, 3, 150, '[\"NORMAL\"]', 3, '2026-08-15 00:00:00', 'T3_CS1', NULL, '2025-03-17 21:43:40', '2025-03-17 21:43:40'),
(153, 3, 151, '[\"NORMAL\"]', 4, '2026-08-20 00:00:00', 'T2P2_CS2', NULL, '2025-03-17 21:43:40', '2025-03-17 21:43:40'),
(154, 3, 152, '[\"NORMAL\"]', 3, '2026-08-22 00:00:00', 'T3_CS1', NULL, '2025-03-17 21:43:40', '2025-03-17 21:43:40'),
(155, 3, 153, '[\"NORMAL\"]', 4, '2026-08-27 00:00:00', 'T2P2_CS2', NULL, '2025-03-17 21:43:40', '2025-03-17 21:43:40'),
(156, 3, 154, '[\"NORMAL\"]', 3, '2026-08-29 00:00:00', 'T3_CS1', NULL, '2025-03-17 21:43:40', '2025-03-17 21:43:40'),
(157, 3, 155, '[\"NORMAL\"]', 4, '2026-09-03 00:00:00', 'T2P2_CS2', NULL, '2025-03-17 21:43:40', '2025-03-17 21:43:40'),
(158, 3, 156, '[\"NORMAL\"]', 3, '2026-09-05 00:00:00', 'T3_CS1', NULL, '2025-03-17 21:43:40', '2025-03-17 21:43:40'),
(159, 3, 157, '[\"NORMAL\"]', 4, '2026-09-10 00:00:00', 'T2P2_CS2', NULL, '2025-03-17 21:43:40', '2025-03-17 21:43:40'),
(160, 3, 158, '[\"NORMAL\"]', 3, '2026-09-12 00:00:00', 'T3_CS1', NULL, '2025-03-17 21:43:40', '2025-03-17 21:43:40'),
(161, 3, 159, '[\"NORMAL\"]', 4, '2026-09-17 00:00:00', 'T2P2_CS2', NULL, '2025-03-17 21:43:40', '2025-03-17 21:43:40'),
(162, 3, 160, '[\"NORMAL\"]', 3, '2026-09-19 00:00:00', 'T3_CS1', NULL, '2025-03-17 21:43:40', '2025-03-17 21:43:40'),
(163, 3, 161, '[\"NORMAL\"]', 4, '2026-09-24 00:00:00', 'T2P2_CS2', NULL, '2025-03-17 21:43:40', '2025-03-17 21:43:40'),
(164, 3, 162, '[\"NORMAL\"]', 3, '2026-09-26 00:00:00', 'T3_CS1', NULL, '2025-03-17 21:43:40', '2025-03-17 21:43:40'),
(165, 3, 163, '[\"NORMAL\"]', 4, '2026-10-01 00:00:00', 'T2P2_CS2', NULL, '2025-03-17 21:43:40', '2025-03-17 21:43:40'),
(166, 3, 164, '[\"NORMAL\"]', 3, '2026-10-03 00:00:00', 'T3_CS1', NULL, '2025-03-17 21:43:40', '2025-03-17 21:43:40'),
(167, 3, 165, '[\"NORMAL\"]', 4, '2026-10-08 00:00:00', 'T2P2_CS2', NULL, '2025-03-17 21:43:40', '2025-03-17 21:43:40'),
(168, 3, 166, '[\"NORMAL\"]', 3, '2026-10-10 00:00:00', 'T3_CS1', NULL, '2025-03-17 21:43:40', '2025-03-17 21:43:40'),
(169, 3, 167, '[\"NORMAL\"]', 4, '2026-10-15 00:00:00', 'T2P2_CS2', NULL, '2025-03-17 21:43:40', '2025-03-17 21:43:40'),
(170, 3, 168, '[\"NORMAL\"]', 3, '2026-10-17 00:00:00', 'T3_CS1', NULL, '2025-03-17 21:43:40', '2025-03-17 21:43:40'),
(171, 3, 169, '[\"NORMAL\"]', 4, '2026-10-22 00:00:00', 'T2P2_CS2', NULL, '2025-03-17 21:43:40', '2025-03-17 21:43:40'),
(172, 3, 170, '[\"NORMAL\"]', 3, '2026-10-24 00:00:00', 'T3_CS1', NULL, '2025-03-17 21:43:40', '2025-03-17 21:43:40'),
(173, 3, 171, '[\"NORMAL\"]', 4, '2026-10-29 00:00:00', 'T2P2_CS2', NULL, '2025-03-17 21:43:40', '2025-03-17 21:43:40'),
(174, 3, 172, '[\"NORMAL\"]', 3, '2026-10-31 00:00:00', 'T3_CS1', NULL, '2025-03-17 21:43:40', '2025-03-17 21:43:40'),
(175, 3, 173, '[\"NORMAL\"]', 4, '2026-11-05 00:00:00', 'T2P2_CS2', NULL, '2025-03-17 21:43:40', '2025-03-17 21:43:40'),
(176, 3, 174, '[\"NORMAL\"]', 3, '2026-11-07 00:00:00', 'T3_CS1', NULL, '2025-03-17 21:43:40', '2025-03-17 21:43:40'),
(177, 3, 175, '[\"NORMAL\"]', 4, '2026-11-12 00:00:00', 'T2P2_CS2', NULL, '2025-03-17 21:43:40', '2025-03-17 21:43:40'),
(178, 3, 176, '[\"NORMAL\"]', 3, '2026-11-14 00:00:00', 'T3_CS1', NULL, '2025-03-17 21:43:40', '2025-03-17 21:43:40'),
(179, 3, 177, '[\"NORMAL\"]', 4, '2026-11-19 00:00:00', 'T2P2_CS2', NULL, '2025-03-17 21:43:40', '2025-03-17 21:43:40'),
(180, 3, 178, '[\"NORMAL\"]', 3, '2026-11-21 00:00:00', 'T3_CS1', NULL, '2025-03-17 21:43:40', '2025-03-17 21:43:40'),
(181, 3, 179, '[\"NORMAL\"]', 4, '2026-11-26 00:00:00', 'T2P2_CS2', NULL, '2025-03-17 21:43:40', '2025-03-17 21:43:40'),
(182, 3, 180, '[\"NORMAL\"]', 3, '2026-11-28 00:00:00', 'T3_CS1', NULL, '2025-03-17 21:43:40', '2025-03-17 21:43:40'),
(183, 3, 181, '[\"NORMAL\"]', 4, '2026-12-03 00:00:00', 'T2P2_CS2', NULL, '2025-03-17 21:43:40', '2025-03-17 21:43:40'),
(184, 3, 182, '[\"NORMAL\"]', 3, '2026-12-05 00:00:00', 'T3_CS1', NULL, '2025-03-17 21:43:40', '2025-03-17 21:43:40'),
(185, 3, 183, '[\"NORMAL\"]', 4, '2026-12-10 00:00:00', 'T2P2_CS2', NULL, '2025-03-17 21:43:40', '2025-03-17 21:43:40'),
(186, 3, 184, '[\"NORMAL\"]', 3, '2026-12-12 00:00:00', 'T3_CS1', NULL, '2025-03-17 21:43:40', '2025-03-17 21:43:40'),
(187, 3, 185, '[\"NORMAL\"]', 4, '2026-12-17 00:00:00', 'T2P2_CS2', NULL, '2025-03-17 21:43:40', '2025-03-17 21:43:40'),
(188, 3, 186, '[\"NORMAL\"]', 3, '2026-12-19 00:00:00', 'T3_CS1', NULL, '2025-03-17 21:43:40', '2025-03-17 21:43:40'),
(189, 3, 187, '[\"NORMAL\"]', 4, '2026-12-24 00:00:00', 'T2P2_CS2', NULL, '2025-03-17 21:43:40', '2025-03-17 21:43:40'),
(190, 3, 188, '[\"NORMAL\"]', 3, '2026-12-26 00:00:00', 'T3_CS1', NULL, '2025-03-17 21:43:40', '2025-03-17 21:43:40'),
(191, 3, 189, '[\"NORMAL\"]', 4, '2026-12-31 00:00:00', 'T2P2_CS2', NULL, '2025-03-17 21:43:40', '2025-03-17 21:43:40'),
(192, 3, 190, '[\"NORMAL\"]', 3, '2027-01-02 00:00:00', 'T3_CS1', NULL, '2025-03-17 21:43:40', '2025-03-17 21:43:40'),
(193, 3, 191, '[\"NORMAL\"]', 4, '2027-01-07 00:00:00', 'T2P2_CS2', NULL, '2025-03-17 21:43:40', '2025-03-17 21:43:40'),
(194, 3, 192, '[\"NORMAL\"]', 3, '2027-01-09 00:00:00', 'T3_CS1', NULL, '2025-03-17 21:43:40', '2025-03-17 21:43:40'),
(195, 3, 193, '[\"NORMAL\"]', 4, '2027-01-14 00:00:00', 'T2P2_CS2', NULL, '2025-03-17 21:43:40', '2025-03-17 21:43:40'),
(196, 3, 194, '[\"NORMAL\"]', 3, '2027-01-16 00:00:00', 'T3_CS1', NULL, '2025-03-17 21:43:40', '2025-03-17 21:43:40'),
(197, 3, 195, '[\"NORMAL\"]', 4, '2027-01-21 00:00:00', 'T2P2_CS2', NULL, '2025-03-17 21:43:40', '2025-03-17 21:43:40'),
(198, 3, 196, '[\"NORMAL\"]', 3, '2027-01-23 00:00:00', 'T3_CS1', NULL, '2025-03-17 21:43:40', '2025-03-17 21:43:40'),
(199, 3, 197, '[\"NORMAL\"]', 4, '2027-01-28 00:00:00', 'T2P2_CS2', NULL, '2025-03-17 21:43:40', '2025-03-17 21:43:40'),
(200, 3, 198, '[\"NORMAL\"]', 3, '2027-01-30 00:00:00', 'T3_CS1', NULL, '2025-03-17 21:43:40', '2025-03-17 21:43:40'),
(201, 3, 199, '[\"NORMAL\"]', 4, '2027-02-04 00:00:00', 'T2P2_CS2', NULL, '2025-03-17 21:43:40', '2025-03-17 21:43:40'),
(202, 3, 200, '[\"NORMAL\"]', 3, '2027-02-06 00:00:00', 'T3_CS1', NULL, '2025-03-17 21:43:40', '2025-03-17 21:43:40'),
(203, 3, 201, '[\"NORMAL\"]', 4, '2027-02-11 00:00:00', 'T2P2_CS2', NULL, '2025-03-17 21:43:40', '2025-03-17 21:43:40'),
(204, 3, 202, '[\"NORMAL\"]', 3, '2027-02-13 00:00:00', 'T3_CS1', NULL, '2025-03-17 21:43:40', '2025-03-17 21:43:40'),
(205, 3, 203, '[\"NORMAL\"]', 4, '2027-02-18 00:00:00', 'T2P2_CS2', NULL, '2025-03-17 21:43:40', '2025-03-17 21:43:40'),
(206, 3, 204, '[\"NORMAL\"]', 3, '2027-02-20 00:00:00', 'T3_CS1', NULL, '2025-03-17 21:43:40', '2025-03-17 21:43:40'),
(207, 3, 205, '[\"NORMAL\"]', 4, '2027-02-25 00:00:00', 'T2P2_CS2', NULL, '2025-03-17 21:43:40', '2025-03-17 21:43:40'),
(208, 3, 206, '[\"NORMAL\"]', 3, '2027-02-27 00:00:00', 'T3_CS1', NULL, '2025-03-17 21:43:40', '2025-03-17 21:43:40'),
(209, 3, 207, '[\"NORMAL\"]', 4, '2027-03-04 00:00:00', 'T2P2_CS2', NULL, '2025-03-17 21:43:40', '2025-03-17 21:43:40'),
(210, 3, 208, '[\"NORMAL\"]', 3, '2027-03-06 00:00:00', 'T3_CS1', NULL, '2025-03-17 21:43:40', '2025-03-17 21:43:40'),
(211, 3, 209, '[\"NORMAL\"]', 4, '2027-03-11 00:00:00', 'T2P2_CS2', NULL, '2025-03-17 21:43:40', '2025-03-17 21:43:40'),
(212, 15, 1, '[\"NORMAL\"]', 4, '2025-03-04 00:00:00', 'T3_CS1', NULL, '2025-03-18 10:40:25', '2025-03-18 10:40:25'),
(213, 15, 2, '[\"NORMAL\"]', 4, '2025-03-11 00:00:00', 'T3_CS1', NULL, '2025-03-18 10:40:25', '2025-03-18 10:40:25'),
(214, 15, 3, '[\"NORMAL\"]', 4, '2025-03-18 00:00:00', 'T3_CS1', NULL, '2025-03-18 10:40:25', '2025-03-18 10:40:25');

-- --------------------------------------------------------

--
-- Cấu trúc bảng cho bảng `coursemembers`
--

CREATE TABLE `coursemembers` (
  `id` int(11) NOT NULL,
  `user_id` int(11) NOT NULL,
  `course_id` int(11) NOT NULL,
  `status` enum('PENDING','APPROVED','REJECTED') NOT NULL DEFAULT 'PENDING',
  `created_at` datetime NOT NULL DEFAULT '2025-03-14 11:03:24',
  `updated_at` datetime NOT NULL DEFAULT '2025-03-14 11:03:24'
) ENGINE=InnoDB DEFAULT CHARSET=utf8mb4 COLLATE=utf8mb4_general_ci;

--
-- Đang đổ dữ liệu cho bảng `coursemembers`
--

INSERT INTO `coursemembers` (`id`, `user_id`, `course_id`, `status`, `created_at`, `updated_at`) VALUES
(1, 5, 1, 'APPROVED', '2025-03-14 11:03:29', '2025-03-14 11:03:29'),
(2, 2, 1, 'APPROVED', '2025-03-14 11:03:29', '2025-03-14 11:03:29'),
(3, 3, 1, 'APPROVED', '2025-03-14 11:03:29', '2025-03-18 09:04:44'),
(4, 4, 1, 'REJECTED', '2025-03-14 11:03:29', '2025-03-14 11:03:29'),
(5, 5, 3, 'APPROVED', '2025-03-14 11:14:23', '2025-03-14 11:14:23'),
(7, 3, 3, 'APPROVED', '2025-03-14 11:14:42', '2025-03-14 11:14:42'),
(8, 4, 3, 'APPROVED', '2025-03-14 11:14:42', '2025-03-14 11:14:42'),
(9, 9, 3, 'APPROVED', '2025-03-14 11:14:42', '2025-03-14 11:14:42'),
(12, 12, 3, 'APPROVED', '2025-03-14 11:14:42', '2025-03-14 11:14:42'),
(13, 13, 3, 'APPROVED', '2025-03-14 11:14:42', '2025-03-14 11:14:42'),
(14, 14, 3, 'APPROVED', '2025-03-14 11:14:42', '2025-03-14 11:14:42'),
(15, 15, 3, 'APPROVED', '2025-03-14 11:14:42', '2025-03-14 11:14:42'),
(16, 16, 3, 'APPROVED', '2025-03-14 11:14:42', '2025-03-14 11:14:42'),
(17, 17, 3, 'APPROVED', '2025-03-14 11:14:42', '2025-03-14 11:14:42'),
(18, 18, 3, 'APPROVED', '2025-03-14 11:14:42', '2025-03-14 11:14:42'),
(19, 19, 3, 'APPROVED', '2025-03-14 11:14:42', '2025-03-14 11:14:42'),
(20, 20, 3, 'APPROVED', '2025-03-14 11:14:42', '2025-03-14 11:14:42'),
(21, 21, 3, 'APPROVED', '2025-03-14 11:14:42', '2025-03-14 11:14:42'),
(22, 22, 3, 'APPROVED', '2025-03-14 11:14:42', '2025-03-14 11:14:42'),
(23, 23, 3, 'APPROVED', '2025-03-14 11:14:42', '2025-03-14 11:14:42'),
(24, 24, 3, 'APPROVED', '2025-03-14 11:14:42', '2025-03-14 11:14:42'),
(25, 25, 3, 'APPROVED', '2025-03-14 11:14:42', '2025-03-14 11:14:42'),
(26, 26, 3, 'APPROVED', '2025-03-14 11:14:42', '2025-03-14 11:14:42'),
(27, 27, 3, 'APPROVED', '2025-03-14 11:14:42', '2025-03-14 11:14:42'),
(28, 28, 3, 'APPROVED', '2025-03-14 11:14:42', '2025-03-14 11:14:42'),
(29, 29, 3, 'APPROVED', '2025-03-14 11:14:42', '2025-03-14 11:14:42'),
(30, 30, 3, 'APPROVED', '2025-03-14 11:14:42', '2025-03-14 11:14:42'),
(31, 31, 3, 'APPROVED', '2025-03-14 11:14:42', '2025-03-14 11:14:42'),
(32, 32, 3, 'APPROVED', '2025-03-14 11:14:42', '2025-03-14 11:14:42'),
(33, 33, 3, 'APPROVED', '2025-03-14 11:14:42', '2025-03-14 11:14:42'),
(34, 34, 3, 'APPROVED', '2025-03-14 11:14:42', '2025-03-14 11:14:42'),
(35, 35, 3, 'APPROVED', '2025-03-14 11:14:42', '2025-03-14 11:14:42'),
(36, 36, 3, 'APPROVED', '2025-03-14 11:14:42', '2025-03-14 11:14:42'),
(37, 37, 3, 'APPROVED', '2025-03-14 11:14:42', '2025-03-14 11:14:42'),
(38, 38, 3, 'APPROVED', '2025-03-14 11:14:42', '2025-03-14 11:14:42'),
(39, 39, 3, 'APPROVED', '2025-03-14 11:14:42', '2025-03-14 11:14:42'),
(40, 40, 3, 'APPROVED', '2025-03-14 11:14:42', '2025-03-14 11:14:42'),
(41, 41, 3, 'APPROVED', '2025-03-14 11:14:42', '2025-03-14 11:14:42'),
(42, 42, 3, 'APPROVED', '2025-03-14 11:14:42', '2025-03-14 11:14:42'),
(43, 43, 3, 'APPROVED', '2025-03-14 11:14:42', '2025-03-14 11:14:42'),
(44, 44, 3, 'APPROVED', '2025-03-14 11:14:42', '2025-03-14 11:14:42'),
(45, 45, 3, 'APPROVED', '2025-03-14 11:14:42', '2025-03-14 11:14:42'),
(46, 46, 3, 'APPROVED', '2025-03-14 11:14:42', '2025-03-14 11:14:42'),
(47, 6, 3, 'PENDING', '2025-03-14 11:28:19', '2025-03-14 11:28:19'),
(48, 5, 4, 'APPROVED', '2025-03-14 14:02:22', '2025-03-14 14:02:22'),
(49, 5, 5, 'APPROVED', '2025-03-14 14:18:49', '2025-03-14 14:18:49'),
(50, 47, 5, 'PENDING', '2025-03-14 14:25:07', '2025-03-14 14:25:07'),
(51, 5, 8, 'APPROVED', '2025-03-16 22:15:36', '2025-03-16 22:15:36'),
(52, 47, 8, 'APPROVED', '2025-03-16 22:20:31', '2025-03-16 22:20:31'),
(53, 47, 10, 'APPROVED', '2025-03-16 22:23:02', '2025-03-16 22:23:02'),
(54, 2, 10, 'PENDING', '2025-03-16 23:25:04', '2025-03-16 23:25:04'),
(55, 5, 7, 'PENDING', '2025-03-16 23:27:07', '2025-03-16 23:27:07'),
(56, 2, 6, 'PENDING', '2025-03-17 09:50:18', '2025-03-17 09:50:18'),
(57, 5, 11, 'APPROVED', '2025-03-18 09:33:07', '2025-03-18 09:33:07'),
(58, 2, 11, 'APPROVED', '2025-03-18 09:33:49', '2025-03-18 09:33:49'),
(59, 3, 11, 'APPROVED', '2025-03-18 09:33:49', '2025-03-18 09:33:49'),
(60, 4, 11, 'APPROVED', '2025-03-18 09:33:49', '2025-03-18 09:33:49'),
(61, 10, 11, 'APPROVED', '2025-03-18 09:33:49', '2025-03-18 09:33:49'),
(62, 11, 11, 'APPROVED', '2025-03-18 09:33:49', '2025-03-18 09:33:49'),
(63, 12, 11, 'APPROVED', '2025-03-18 09:33:49', '2025-03-18 09:33:49'),
(64, 13, 11, 'APPROVED', '2025-03-18 09:33:49', '2025-03-18 09:33:49'),
(65, 14, 11, 'APPROVED', '2025-03-18 09:33:49', '2025-03-18 09:33:49'),
(66, 15, 11, 'APPROVED', '2025-03-18 09:33:49', '2025-03-18 09:33:49'),
(67, 16, 11, 'APPROVED', '2025-03-18 09:33:49', '2025-03-18 09:33:49'),
(68, 17, 11, 'APPROVED', '2025-03-18 09:33:49', '2025-03-18 09:33:49'),
(69, 18, 11, 'APPROVED', '2025-03-18 09:33:49', '2025-03-18 09:33:49'),
(70, 19, 11, 'APPROVED', '2025-03-18 09:33:49', '2025-03-18 09:33:49'),
(71, 20, 11, 'APPROVED', '2025-03-18 09:33:49', '2025-03-18 09:33:49'),
(72, 21, 11, 'APPROVED', '2025-03-18 09:33:49', '2025-03-18 09:33:49'),
(73, 22, 11, 'APPROVED', '2025-03-18 09:33:49', '2025-03-18 09:33:49'),
(74, 23, 11, 'APPROVED', '2025-03-18 09:33:49', '2025-03-18 09:33:49'),
(75, 24, 11, 'APPROVED', '2025-03-18 09:33:49', '2025-03-18 09:33:49'),
(76, 25, 11, 'APPROVED', '2025-03-18 09:33:49', '2025-03-18 09:33:49'),
(77, 26, 11, 'APPROVED', '2025-03-18 09:33:49', '2025-03-18 09:33:49'),
(78, 27, 11, 'APPROVED', '2025-03-18 09:33:49', '2025-03-18 09:33:49'),
(79, 28, 11, 'APPROVED', '2025-03-18 09:33:49', '2025-03-18 09:33:49'),
(80, 29, 11, 'APPROVED', '2025-03-18 09:33:49', '2025-03-18 09:33:49'),
(81, 30, 11, 'APPROVED', '2025-03-18 09:33:49', '2025-03-18 09:33:49'),
(82, 31, 11, 'APPROVED', '2025-03-18 09:33:49', '2025-03-18 09:33:49'),
(83, 32, 11, 'APPROVED', '2025-03-18 09:33:49', '2025-03-18 09:33:49'),
(84, 33, 11, 'APPROVED', '2025-03-18 09:33:49', '2025-03-18 09:33:49'),
(85, 34, 11, 'APPROVED', '2025-03-18 09:33:49', '2025-03-18 09:33:49'),
(86, 35, 11, 'APPROVED', '2025-03-18 09:33:49', '2025-03-18 09:33:49'),
(87, 36, 11, 'APPROVED', '2025-03-18 09:33:49', '2025-03-18 09:33:49'),
(88, 37, 11, 'APPROVED', '2025-03-18 09:33:49', '2025-03-18 09:33:49'),
(89, 38, 11, 'APPROVED', '2025-03-18 09:33:49', '2025-03-18 09:33:49'),
(90, 39, 11, 'APPROVED', '2025-03-18 09:33:49', '2025-03-18 09:33:49'),
(91, 40, 11, 'APPROVED', '2025-03-18 09:33:49', '2025-03-18 09:33:49'),
(92, 41, 11, 'APPROVED', '2025-03-18 09:33:49', '2025-03-18 09:33:49'),
(93, 42, 11, 'APPROVED', '2025-03-18 09:33:49', '2025-03-18 09:33:49'),
(94, 43, 11, 'APPROVED', '2025-03-18 09:33:49', '2025-03-18 09:33:49'),
(95, 44, 11, 'APPROVED', '2025-03-18 09:33:49', '2025-03-18 09:33:49'),
(96, 45, 11, 'APPROVED', '2025-03-18 09:33:49', '2025-03-18 09:33:49'),
(97, 46, 11, 'APPROVED', '2025-03-18 09:33:49', '2025-03-18 09:33:49'),
(98, 48, 11, 'APPROVED', '2025-03-18 09:33:49', '2025-03-18 09:33:49'),
(99, 49, 11, 'APPROVED', '2025-03-18 09:33:49', '2025-03-18 09:33:49'),
(102, 47, 15, 'APPROVED', '2025-03-18 10:39:55', '2025-03-18 10:39:55'),
(145, 2, 15, 'APPROVED', '2025-03-18 10:49:28', '2025-03-18 10:49:28'),
(146, 3, 15, 'APPROVED', '2025-03-18 10:49:28', '2025-03-18 10:49:28'),
(147, 4, 15, 'APPROVED', '2025-03-18 10:49:28', '2025-03-18 10:49:28'),
(148, 10, 15, 'APPROVED', '2025-03-18 10:49:28', '2025-03-18 10:49:28'),
(149, 11, 15, 'APPROVED', '2025-03-18 10:49:28', '2025-03-18 10:49:28'),
(150, 12, 15, 'APPROVED', '2025-03-18 10:49:28', '2025-03-18 10:49:28'),
(151, 13, 15, 'APPROVED', '2025-03-18 10:49:28', '2025-03-18 10:49:28'),
(152, 14, 15, 'APPROVED', '2025-03-18 10:49:28', '2025-03-18 10:49:28'),
(153, 15, 15, 'APPROVED', '2025-03-18 10:49:28', '2025-03-18 10:49:28'),
(154, 5, 16, 'APPROVED', '2025-03-19 10:28:23', '2025-03-19 10:28:23'),
(155, 10, 3, 'APPROVED', '2025-03-19 11:12:44', '2025-03-19 11:12:44'),
(156, 2, 3, 'APPROVED', '2025-03-19 15:40:32', '2025-03-19 15:40:32'),
(157, 50, 3, 'APPROVED', '2025-03-19 16:34:22', '2025-03-19 16:35:54'),
(158, 50, 5, 'REJECTED', '2025-03-19 16:39:07', '2025-03-20 15:27:55'),
(159, 50, 4, 'PENDING', '2025-03-19 17:01:40', '2025-03-19 17:01:40');

-- --------------------------------------------------------

--
-- Cấu trúc bảng cho bảng `courses`
--

CREATE TABLE `courses` (
  `id` int(11) NOT NULL,
  `name` varchar(255) NOT NULL,
  `description` text NOT NULL,
  `fee` float NOT NULL,
  `start_date` datetime NOT NULL,
  `end_date` datetime NOT NULL,
  `created_at` datetime NOT NULL DEFAULT '2025-03-14 11:03:24',
  `updated_at` datetime NOT NULL DEFAULT '2025-03-14 11:03:24',
  `is_approved` tinyint(1) NOT NULL DEFAULT 0,
  `is_private` tinyint(1) NOT NULL DEFAULT 0,
  `is_generated` tinyint(1) NOT NULL DEFAULT 0,
  `code` varchar(255) NOT NULL
) ENGINE=InnoDB DEFAULT CHARSET=utf8mb4 COLLATE=utf8mb4_general_ci;

--
-- Đang đổ dữ liệu cho bảng `courses`
--

INSERT INTO `courses` (`id`, `name`, `description`, `fee`, `start_date`, `end_date`, `created_at`, `updated_at`, `is_approved`, `is_private`, `is_generated`, `code`) VALUES
(1, 'Advanced English for 6th graders', 'Khóa học Tiếng Anh nâng cao cho học sinh lớp 6', 100000, '2025-03-14 11:03:29', '2025-05-14 11:03:29', '2025-03-14 11:03:29', '2025-03-14 11:03:29', 0, 0, 0, 'TA.6.01'),
(2, 'Advanced Math for 9th graders', 'Khóa học Toán nâng cao cho học sinh lớp 9', 100000, '2025-03-14 11:03:29', '2025-05-14 11:03:29', '2025-03-14 11:03:29', '2025-03-14 11:03:29', 0, 1, 0, 'TH.9.01'),
(3, 'Lớp học deploy code abc', 'test', 100, '2025-03-09 00:00:00', '2027-03-11 00:00:00', '2025-03-14 11:14:23', '2025-03-17 21:43:40', 1, 0, 1, 'TH.9.3'),
(4, 'ok', '1123', 200000, '2025-03-14 00:00:00', '2025-03-29 00:00:00', '2025-03-14 14:02:22', '2025-03-14 14:02:22', 1, 0, 0, 'TH.9.4'),
(5, 'môn test', '12345678', 120006, '2025-03-15 00:00:00', '2025-03-28 00:00:00', '2025-03-14 14:18:49', '2025-03-14 14:18:49', 1, 0, 0, 'HH.8.2'),
(6, 'Lớp học deploy code abc test', 'test', 10000, '2025-03-11 00:00:00', '2025-03-31 00:00:00', '2025-03-16 22:11:42', '2025-03-16 22:11:42', 1, 0, 0, 'VH.8.2'),
(7, 'Hoàng Tuấn Cương 123', 'test', 1000, '2025-03-10 00:00:00', '2025-03-24 00:00:00', '2025-03-16 22:12:22', '2025-03-17 10:41:31', 1, 0, 0, 'TH.9.5'),
(8, 'Hoàng Tuấn Cương 123', 'test', 1000, '2025-03-11 00:00:00', '2025-03-25 00:00:00', '2025-03-16 22:15:36', '2025-03-16 22:15:36', 1, 0, 0, 'TH.9.6'),
(9, 'Hoàng Tuấn Cương 123', 'test', 1000, '2025-03-11 00:00:00', '2025-03-25 00:00:00', '2025-03-16 22:22:07', '2025-03-16 22:22:07', 1, 0, 0, 'TH.9.7'),
(10, 'Hoàng Tuấn Cương 123', 'test', 1000, '2025-03-11 00:00:00', '2025-03-25 00:00:00', '2025-03-16 22:23:02', '2025-03-16 22:23:02', 1, 0, 0, 'TH.9.8'),
(11, '456', '1', 123, '2025-03-18 00:00:00', '2025-03-29 00:00:00', '2025-03-18 09:33:07', '2025-03-18 09:39:36', 1, 0, 0, 'VL.7.2'),
(14, 'Hoàng Tuấn Cương', 'test', 10, '2025-03-03 00:00:00', '2025-03-20 00:00:00', '2025-03-18 10:39:46', '2025-03-18 10:39:46', 1, 0, 0, 'TH.9.9'),
(15, 'Hoàng Tuấn Cương', 'test', 10, '2025-03-03 00:00:00', '2025-03-20 00:00:00', '2025-03-18 10:39:53', '2025-03-18 10:40:25', 1, 0, 1, 'TH.9.10'),
(16, '678', '1', 1234570, '2025-03-28 00:00:00', '2025-03-31 00:00:00', '2025-03-19 10:28:22', '2025-03-19 14:05:17', 1, 0, 1, 'VL.7.2');

-- --------------------------------------------------------

--
-- Cấu trúc bảng cho bảng `courseshifts`
--

CREATE TABLE `courseshifts` (
  `id` int(11) NOT NULL,
  `course_id` int(11) NOT NULL,
  `day` int(11) NOT NULL,
  `created_at` datetime NOT NULL DEFAULT '2025-03-14 11:03:24',
  `updated_at` datetime NOT NULL DEFAULT '2025-03-14 11:03:24',
  `shift` int(11) NOT NULL,
  `room` varchar(255) DEFAULT NULL
) ENGINE=InnoDB DEFAULT CHARSET=utf8mb4 COLLATE=utf8mb4_general_ci;

--
-- Đang đổ dữ liệu cho bảng `courseshifts`
--

INSERT INTO `courseshifts` (`id`, `course_id`, `day`, `created_at`, `updated_at`, `shift`, `room`) VALUES
(1, 1, 1, '2025-03-14 11:03:29', '2025-03-14 11:03:29', 1, NULL),
(2, 1, 2, '2025-03-14 11:03:29', '2025-03-14 11:03:29', 2, NULL),
(3, 2, 3, '2025-03-14 11:03:29', '2025-03-14 11:03:29', 3, NULL),
(4, 3, 4, '2025-03-14 11:14:23', '2025-03-14 11:14:23', 4, 'T2P2_CS2'),
(5, 3, 6, '2025-03-14 11:14:23', '2025-03-17 21:43:40', 3, 'T3_CS1'),
(6, 5, 5, '2025-03-14 14:18:49', '2025-03-14 14:18:49', 3, NULL),
(7, 5, 7, '2025-03-14 14:18:49', '2025-03-14 14:18:49', 5, NULL),
(8, 6, 2, '2025-03-16 22:11:42', '2025-03-16 22:11:42', 4, NULL),
(9, 7, 5, '2025-03-16 22:12:22', '2025-03-16 22:12:22', 4, NULL),
(10, 8, 5, '2025-03-16 22:15:36', '2025-03-16 22:15:36', 4, NULL),
(11, 9, 7, '2025-03-16 22:22:07', '2025-03-16 22:22:07', 3, NULL),
(12, 10, 7, '2025-03-16 22:23:02', '2025-03-16 22:23:02', 3, NULL),
(15, 14, 2, '2025-03-18 10:39:46', '2025-03-18 10:39:46', 4, NULL),
(16, 15, 2, '2025-03-18 10:39:53', '2025-03-18 10:40:25', 4, 'T3_CS1'),
(17, 16, 3, '2025-03-19 10:28:22', '2025-03-19 14:05:17', 2, 'T2_CS1');

-- --------------------------------------------------------

--
-- Cấu trúc bảng cho bảng `coursetags`
--

CREATE TABLE `coursetags` (
  `course_id` int(11) NOT NULL,
  `tag_id` int(11) NOT NULL
) ENGINE=InnoDB DEFAULT CHARSET=utf8mb4 COLLATE=utf8mb4_general_ci;

--
-- Đang đổ dữ liệu cho bảng `coursetags`
--

INSERT INTO `coursetags` (`course_id`, `tag_id`) VALUES
(1, 5),
(1, 9),
(2, 1),
(2, 12),
(3, 1),
(3, 12),
(4, 1),
(4, 12),
(5, 3),
(5, 11),
(6, 4),
(6, 11),
(7, 1),
(7, 12),
(8, 1),
(8, 12),
(9, 1),
(9, 12),
(10, 1),
(10, 12),
(11, 1),
(11, 9),
(14, 1),
(14, 12),
(15, 1),
(15, 12),
(16, 2),
(16, 10);

-- --------------------------------------------------------

--
-- Cấu trúc bảng cho bảng `drivefilemetadatas`
--

CREATE TABLE `drivefilemetadatas` (
  `id` int(11) NOT NULL,
  `file_id` varchar(255) NOT NULL,
  `name` varchar(255) DEFAULT NULL,
  `size` int(11) DEFAULT NULL,
  `type` varchar(255) DEFAULT NULL,
  `web_view_link` varchar(255) DEFAULT NULL,
  `web_content_link` varchar(255) DEFAULT NULL,
  `hash` varchar(255) NOT NULL,
  `created_at` datetime NOT NULL DEFAULT '2025-03-14 11:03:27',
  `updated_at` datetime NOT NULL DEFAULT '2025-03-14 11:03:27'
) ENGINE=InnoDB DEFAULT CHARSET=utf8mb4 COLLATE=utf8mb4_general_ci;

--
-- Đang đổ dữ liệu cho bảng `drivefilemetadatas`
--

INSERT INTO `drivefilemetadatas` (`id`, `file_id`, `name`, `size`, `type`, `web_view_link`, `web_content_link`, `hash`, `created_at`, `updated_at`) VALUES
(1, '1BYAg057pDjrGRDfZRrVrvEzymppcV-ws', '1741927064883', 205534, 'image/jpeg', 'https://drive.google.com/file/d/1BYAg057pDjrGRDfZRrVrvEzymppcV-ws/view?usp=drivesdk', 'https://drive.google.com/uc?id=1BYAg057pDjrGRDfZRrVrvEzymppcV-ws&export=download', 'd99125839643de9d6c46cf3d0442c23c922937f46b7dc3a92e9395ec9aa8307d', '2025-03-14 11:37:48', '2025-03-14 11:37:48'),
(2, '1WA0TJPkdWMV88lNf-yvmlMBh_tqpoZK9', '1741935951134', 1639448, 'image/jpeg', 'https://drive.google.com/file/d/1WA0TJPkdWMV88lNf-yvmlMBh_tqpoZK9/view?usp=drivesdk', 'https://drive.google.com/uc?id=1WA0TJPkdWMV88lNf-yvmlMBh_tqpoZK9&export=download', 'f3846eabd5bf362ae72ebae19ddc1530bfbb8ad3baea0c948bd37e673dbde5e1', '2025-03-14 14:05:54', '2025-03-14 14:05:54'),
(3, '1oJ02pPgKDW-Wm3N1mI20r497b36GOhKZ', '1741935954900', 1627662, 'image/png', 'https://drive.google.com/file/d/1oJ02pPgKDW-Wm3N1mI20r497b36GOhKZ/view?usp=drivesdk', 'https://drive.google.com/uc?id=1oJ02pPgKDW-Wm3N1mI20r497b36GOhKZ&export=download', '5380194ecdfad5e3d2b407d9659a3daafbbe3ead000861363451f0b70a05192c', '2025-03-14 14:05:58', '2025-03-14 14:05:58'),
(4, '16fwJDhxmVuwg20DkBl1GBJBrlyFdcUf0', '1742198707706', 3125671, 'video/mp4', 'https://drive.google.com/file/d/16fwJDhxmVuwg20DkBl1GBJBrlyFdcUf0/view?usp=drivesdk', 'https://drive.google.com/uc?id=16fwJDhxmVuwg20DkBl1GBJBrlyFdcUf0&export=download', 'f8feb2403e19a123fa3bc7da7448c5d8261f19f2666bd10b6f77e6cffca19a10', '2025-03-17 15:05:11', '2025-03-17 15:05:11'),
(5, '18Hi_dZX_2bc4vPMfI46yp3ick-DysoiV', '1742354861403', 142567, 'audio/mpeg', 'https://drive.google.com/file/d/18Hi_dZX_2bc4vPMfI46yp3ick-DysoiV/view?usp=drivesdk', 'https://drive.google.com/uc?id=18Hi_dZX_2bc4vPMfI46yp3ick-DysoiV&export=download', '56954a3a51b34e72bd46b9385e1728ed92e7d3d2e63a1e7940ffb0ce5e968e21', '2025-03-19 10:27:43', '2025-03-19 10:27:43'),
(6, '1unEUpIv9djPxwtfzaPnInFJO8SA_IEyH', '1742357766827', 23225, 'application/vnd.openxmlformats-officedocument.spreadsheetml.sheet', 'https://docs.google.com/spreadsheets/d/1unEUpIv9djPxwtfzaPnInFJO8SA_IEyH/edit?usp=drivesdk&ouid=112551785708398271450&rtpof=true&sd=true', 'https://drive.google.com/uc?id=1unEUpIv9djPxwtfzaPnInFJO8SA_IEyH&export=download', '0158b3a57a6922921475fa4cfd836b16fd9f50ed48e2ae3bfee7a9d714a53f1c', '2025-03-19 11:16:09', '2025-03-19 11:16:09'),
(7, '1oRkXhdbc-M7cfmMwhsSZzqh9pD_IeuiM', '1742357952547', 43126, 'image/jpeg', 'https://drive.google.com/file/d/1oRkXhdbc-M7cfmMwhsSZzqh9pD_IeuiM/view?usp=drivesdk', 'https://drive.google.com/uc?id=1oRkXhdbc-M7cfmMwhsSZzqh9pD_IeuiM&export=download', '652e8872eaf2fc2a71659b9b4190ced3d2c26cc545e89833a4ca053162fc823b', '2025-03-19 11:19:15', '2025-03-19 11:19:15'),
(8, '1UdnrrzMKtpIPkTR5eEQh7ANfAyu-HhpP', '1742868056669', 37901, 'image/jpeg', 'https://drive.google.com/file/d/1UdnrrzMKtpIPkTR5eEQh7ANfAyu-HhpP/view?usp=drivesdk', 'https://drive.google.com/uc?id=1UdnrrzMKtpIPkTR5eEQh7ANfAyu-HhpP&export=download', 'd74bd696913bf545bcf915015e2ccfd4a417999cc7e526080c1ac2ec1324b68b', '2025-03-25 09:00:59', '2025-03-25 09:00:59'),
(9, '1i4kKB09-gHe_3AcuGuFZdJA4H9CSlZK_', '1742868102553', 67076, 'image/jpeg', 'https://drive.google.com/file/d/1i4kKB09-gHe_3AcuGuFZdJA4H9CSlZK_/view?usp=drivesdk', 'https://drive.google.com/uc?id=1i4kKB09-gHe_3AcuGuFZdJA4H9CSlZK_&export=download', '7fbe6b2ada4ae437c807881d62962f1775cf9189f43b60f289081ac4da2f4410', '2025-03-25 09:01:45', '2025-03-25 09:01:45'),
(10, '1Kew4PnjrkRVE2pHDMZGHJk6AYojThFrQ', '1742868187225', 33938, 'image/jpeg', 'https://drive.google.com/file/d/1Kew4PnjrkRVE2pHDMZGHJk6AYojThFrQ/view?usp=drivesdk', 'https://drive.google.com/uc?id=1Kew4PnjrkRVE2pHDMZGHJk6AYojThFrQ&export=download', '1622085a7572d686ad0731dba3fd30b82b678d428d693449f161ce2dd29974c8', '2025-03-25 09:03:09', '2025-03-25 09:03:09'),
(11, '1xU8Ian0_FaSDQko5sRQc52ejeweoVvgI', '1742868240267', 82212, 'image/webp', 'https://drive.google.com/file/d/1xU8Ian0_FaSDQko5sRQc52ejeweoVvgI/view?usp=drivesdk', 'https://drive.google.com/uc?id=1xU8Ian0_FaSDQko5sRQc52ejeweoVvgI&export=download', '326c4975634208b900a6c0499415729e56208cbaffbc6df66a2d65338b3d3fd1', '2025-03-25 09:04:02', '2025-03-25 09:04:02'),
(12, '10AKxv0DJQqP98upmsUXOjAUsY04wzzb3', '1742868279993', 83679, 'image/jpeg', 'https://drive.google.com/file/d/10AKxv0DJQqP98upmsUXOjAUsY04wzzb3/view?usp=drivesdk', 'https://drive.google.com/uc?id=10AKxv0DJQqP98upmsUXOjAUsY04wzzb3&export=download', '6ae7754a6d51c2a0f6cc805c6f6fcb73af2c7c45ec51957594de19a734bf9e91', '2025-03-25 09:04:42', '2025-03-25 09:04:42'),
(13, '1D4Mj2TOadRJQ0bXKdw8gWkY20w64vT85', '1742868876993', 273104, 'image/jpeg', 'https://drive.google.com/file/d/1D4Mj2TOadRJQ0bXKdw8gWkY20w64vT85/view?usp=drivesdk', 'https://drive.google.com/uc?id=1D4Mj2TOadRJQ0bXKdw8gWkY20w64vT85&export=download', '176eb9c1d0893a7f99dca8be3fde2f0e760deac63867af454b7ec5bc3ac37d16', '2025-03-25 09:14:39', '2025-03-25 09:14:39'),
(14, '1o36tqM12VsnDmPSgMmyXJFoE5xtdxVcI', '1742909239605', 4300, 'image/webp', 'https://drive.google.com/file/d/1o36tqM12VsnDmPSgMmyXJFoE5xtdxVcI/view?usp=drivesdk', 'https://drive.google.com/uc?id=1o36tqM12VsnDmPSgMmyXJFoE5xtdxVcI&export=download', '9b6237b399ffa49efbd66ecadae7d79a3f447351df7503d6ec24a8caab6b8bb1', '2025-03-25 20:27:22', '2025-03-25 20:27:22');

-- --------------------------------------------------------

--
-- Cấu trúc bảng cho bảng `entryexammembers`
--

CREATE TABLE `entryexammembers` (
  `id` int(11) NOT NULL,
  `user_id` int(11) NOT NULL,
  `exam_id` int(11) NOT NULL,
  `score` double DEFAULT NULL,
  `note` varchar(255) DEFAULT NULL,
  `created_at` datetime NOT NULL DEFAULT '2025-03-14 11:03:26',
  `updated_at` datetime NOT NULL DEFAULT '2025-03-14 11:03:26'
) ENGINE=InnoDB DEFAULT CHARSET=utf8mb4 COLLATE=utf8mb4_general_ci;

-- --------------------------------------------------------

--
-- Cấu trúc bảng cho bảng `exams`
--

CREATE TABLE `exams` (
  `id` int(11) NOT NULL,
  `drive_url` varchar(255) DEFAULT NULL,
  `key` varchar(255) DEFAULT NULL,
  `created_at` datetime NOT NULL DEFAULT '2025-03-14 11:03:24',
  `updated_at` datetime NOT NULL DEFAULT '2025-03-14 11:03:24',
  `is_private` tinyint(1) NOT NULL DEFAULT 0,
  `name` varchar(255) NOT NULL DEFAULT '0',
  `teacher_id` int(11) NOT NULL,
  `content` text DEFAULT NULL,
  `note` varchar(255) DEFAULT NULL,
  `exam_type` varchar(255) NOT NULL
) ENGINE=InnoDB DEFAULT CHARSET=utf8mb4 COLLATE=utf8mb4_general_ci;

--
-- Đang đổ dữ liệu cho bảng `exams`
--

INSERT INTO `exams` (`id`, `drive_url`, `key`, `created_at`, `updated_at`, `is_private`, `name`, `teacher_id`, `content`, `note`, `exam_type`) VALUES
(1, 'https://example.com/exam1', 'ABCD', '2025-03-14 11:03:29', '2025-03-14 11:03:29', 0, 'Test example 1', 5, 'Test content 1', 'Test note 1', 'ASSIGNMENT'),
(2, 'https://example.com/exam2', 'ABCD', '2025-03-14 11:03:29', '2025-03-14 11:03:29', 1, 'Test example 2', 5, 'Test content 2', 'Test note 2', 'ENTRY_EXAM'),
(3, 'https://example.com/exam3', 'ABCD', '2025-03-14 11:03:29', '2025-03-14 11:03:29', 0, 'Test example 3', 6, 'Test content 3', 'Test note 3', 'ASSIGNMENT'),
(4, 'https://example.com/exam4', 'ABCD', '2025-03-14 11:03:29', '2025-03-14 11:03:29', 1, 'Test example 4', 6, 'Test content 4', 'Test note 4', 'ASSIGNMENT'),
(5, 'https://drive.google.com/file/d/1BYAg057pDjrGRDfZRrVrvEzymppcV-ws/view?usp=drivesdk', '123', '2025-03-14 11:37:48', '2025-03-14 11:37:48', 0, '`213', 5, NULL, NULL, 'ASSIGNMENT'),
(6, 'https://drive.google.com/file/d/16fwJDhxmVuwg20DkBl1GBJBrlyFdcUf0/view?usp=drivesdk', '123', '2025-03-17 15:05:12', '2025-03-17 15:05:12', 0, '1', 1, NULL, NULL, 'ASSIGNMENT'),
(7, 'https://drive.google.com/file/d/18Hi_dZX_2bc4vPMfI46yp3ick-DysoiV/view?usp=drivesdk', '123', '2025-03-19 10:27:44', '2025-03-19 10:27:44', 0, '1', 1, NULL, NULL, 'ASSIGNMENT'),
(8, 'https://drive.google.com/file/d/1oRkXhdbc-M7cfmMwhsSZzqh9pD_IeuiM/view?usp=drivesdk', '123', '2025-03-19 11:19:17', '2025-03-19 11:19:17', 0, '153', 5, NULL, NULL, 'ASSIGNMENT'),
(9, 'https://drive.google.com/file/d/1oRkXhdbc-M7cfmMwhsSZzqh9pD_IeuiM/view?usp=drivesdk', '123', '2025-03-19 11:19:17', '2025-03-19 11:19:17', 0, '153', 5, NULL, NULL, 'ASSIGNMENT'),
(10, 'https://drive.google.com/file/d/1oJ02pPgKDW-Wm3N1mI20r497b36GOhKZ/view?usp=drivesdk', '456', '2025-03-19 11:20:57', '2025-03-19 11:20:57', 0, '123456789', 5, NULL, NULL, 'ASSIGNMENT'),
(11, 'https://drive.google.com/file/d/1BYAg057pDjrGRDfZRrVrvEzymppcV-ws/view?usp=drivesdk', '1A 2A 3A', '2025-03-19 21:11:18', '2025-03-19 21:11:18', 0, 'Test', 5, NULL, NULL, 'TAILIEU'),
(12, 'https://drive.google.com/file/d/1WA0TJPkdWMV88lNf-yvmlMBh_tqpoZK9/view?usp=drivesdk', '123', '2025-03-19 21:23:41', '2025-03-19 21:23:41', 0, 'test1234567', 1, NULL, NULL, 'ASSIGNMENT'),
(13, 'https://drive.google.com/file/d/1WA0TJPkdWMV88lNf-yvmlMBh_tqpoZK9/view?usp=drivesdk', '', '2025-03-19 21:24:20', '2025-03-19 21:24:20', 0, 'test12345676', 1, NULL, NULL, 'ASSIGNMENT'),
(14, 'https://drive.google.com/file/d/1WA0TJPkdWMV88lNf-yvmlMBh_tqpoZK9/view?usp=drivesdk', '', '2025-03-19 21:24:33', '2025-03-19 21:24:33', 1, 'test12345676', 1, NULL, NULL, 'TAILIEU');

-- --------------------------------------------------------

--
-- Cấu trúc bảng cho bảng `receipts`
--

CREATE TABLE `receipts` (
  `id` int(11) NOT NULL,
  `course_id` int(11) NOT NULL,
  `name` varchar(255) NOT NULL,
  `amount` float NOT NULL,
  `deadline` datetime NOT NULL,
  `document_url` varchar(255) DEFAULT NULL,
  `note` varchar(255) DEFAULT NULL,
  `created_at` datetime NOT NULL,
  `updated_at` datetime NOT NULL
) ENGINE=InnoDB DEFAULT CHARSET=utf8mb4 COLLATE=utf8mb4_general_ci;

--
-- Đang đổ dữ liệu cho bảng `receipts`
--

INSERT INTO `receipts` (`id`, `course_id`, `name`, `amount`, `deadline`, `document_url`, `note`, `created_at`, `updated_at`) VALUES
(1, 3, 'fsadfasdf', 1000, '2025-03-16 22:50:51', '', '', '2025-03-16 22:50:58', '2025-03-16 22:50:58'),
(2, 3, '1', 1000000, '2025-03-16 23:16:31', 'sdfsdsdf', 'sdfsđfs', '2025-03-16 23:16:45', '2025-03-16 23:16:45');

-- --------------------------------------------------------

--
-- Cấu trúc bảng cho bảng `rollcalls`
--

CREATE TABLE `rollcalls` (
  `id` int(11) NOT NULL,
  `user_id` int(11) NOT NULL,
  `lesson_id` int(11) NOT NULL,
  `status` varchar(255) NOT NULL,
  `note` varchar(255) DEFAULT NULL,
  `created_at` datetime NOT NULL DEFAULT '2025-03-14 11:03:26',
  `updated_at` datetime NOT NULL DEFAULT '2025-03-14 11:03:26'
) ENGINE=InnoDB DEFAULT CHARSET=utf8mb4 COLLATE=utf8mb4_general_ci;

--
-- Đang đổ dữ liệu cho bảng `rollcalls`
--

INSERT INTO `rollcalls` (`id`, `user_id`, `lesson_id`, `status`, `note`, `created_at`, `updated_at`) VALUES
(1, 2, 214, 'ABSENT', '', '2025-03-18 10:49:44', '2025-03-18 10:49:44'),
(2, 47, 214, 'ABSENT', '', '2025-03-18 10:49:45', '2025-03-18 10:49:45'),
(3, 3, 214, 'ABSENT', '', '2025-03-18 10:49:45', '2025-03-18 10:49:45');

-- --------------------------------------------------------

--
-- Cấu trúc bảng cho bảng `scores`
--

CREATE TABLE `scores` (
  `id` int(11) NOT NULL,
  `user_id` int(11) NOT NULL,
  `assignment_id` int(11) NOT NULL,
  `score` double NOT NULL,
  `note` varchar(255) DEFAULT NULL,
  `created_at` datetime NOT NULL DEFAULT '2025-03-14 11:03:25',
  `updated_at` datetime NOT NULL DEFAULT '2025-03-14 11:03:25'
) ENGINE=InnoDB DEFAULT CHARSET=utf8mb4 COLLATE=utf8mb4_general_ci;

--
-- Đang đổ dữ liệu cho bảng `scores`
--

INSERT INTO `scores` (`id`, `user_id`, `assignment_id`, `score`, `note`, `created_at`, `updated_at`) VALUES
(1, 2, 1, 10, '', '2025-03-14 11:03:29', '2025-03-14 11:03:29'),
(2, 3, 1, 7.25, '', '2025-03-14 11:03:29', '2025-03-14 11:03:29'),
(3, 4, 1, 6.5, '', '2025-03-14 11:03:29', '2025-03-14 11:03:29'),
(4, 2, 5, 10, NULL, '2025-03-17 20:52:28', '2025-03-17 20:52:28'),
(5, 3, 5, 9, NULL, '2025-03-17 20:52:28', '2025-03-17 20:52:28'),
(6, 4, 5, 2, NULL, '2025-03-17 20:52:28', '2025-03-17 20:52:28'),
(7, 10, 5, 4, NULL, '2025-03-17 20:52:28', '2025-03-17 20:52:28'),
(8, 11, 5, 5, NULL, '2025-03-17 20:52:28', '2025-03-17 20:52:28');

-- --------------------------------------------------------

--
-- Cấu trúc bảng cho bảng `sequelizemeta`
--

CREATE TABLE `sequelizemeta` (
  `name` varchar(255) NOT NULL
) ENGINE=InnoDB DEFAULT CHARSET=utf8 COLLATE=utf8_unicode_ci;

--
-- Đang đổ dữ liệu cho bảng `sequelizemeta`
--

INSERT INTO `sequelizemeta` (`name`) VALUES
('20201004134309-create-users.js'),
('20250124091800-create-blogs.js'),
('20250124092131-create-awards.js'),
('20250124092144-create-additional-student-datas.js'),
('20250124092150-create-teacher-reviews.js'),
('20250124092253-create-exams.js'),
('20250124092259-create-tags.js'),
('20250125020444-add_and_rename_blog_columns.js'),
('20250125121158-add-exam-column.js'),
('20250125124405-add-exam-column-v2.js'),
('20250125125906-add-exam-column-v3.js'),
('20250127015729-add_course_and_course_time.js'),
('20250127064253-additional-student-data-key.js'),
('20250127080334-user-column.js'),
('20250127084206-add_course_tags_table.js'),
('20250131140253-add_member.js'),
('20250201023114-add_blog_type.js'),
('20250201030900-add-exam-field.js'),
('20250201033253-create-assignment-table.js'),
('20250202033549-add_course_blog_table.js'),
('20250203040106-add_is_approved_to_course.js'),
('20250203041900-add_is_private_to_course.js'),
('20250204140947-create-score.js'),
('20250205013200-change_course_times_to_course_shifts.js'),
('20250206024918-add_lesson.js'),
('20250207140321-add-roll-call.js'),
('20250208023051-add_code_for_course_and_user.js'),
('20250210132401-add_field_for_user_and_additional_data.js'),
('20250210145428-create-entry-exam-member-table.js'),
('20250212132541-add-column-exam-table.js'),
('20250213012559-screw_it_delete_many_fields.js'),
('20250213142502-fix-blog-data-type.js'),
('20250215051036-add_drive_file_metadata.js'),
('20250228134644-add_field_for_student.js'),
('20250306171807-add_receipt_and_transaction.js');

-- --------------------------------------------------------

--
-- Cấu trúc bảng cho bảng `tags`
--

CREATE TABLE `tags` (
  `id` int(11) NOT NULL,
  `name` varchar(255) NOT NULL,
  `type` varchar(255) NOT NULL,
  `note` varchar(255) NOT NULL,
  `created_at` datetime NOT NULL DEFAULT '2025-03-14 11:03:24',
  `updated_at` datetime NOT NULL DEFAULT '2025-03-14 11:03:24',
  `code_fragment` varchar(255) NOT NULL
) ENGINE=InnoDB DEFAULT CHARSET=utf8mb4 COLLATE=utf8mb4_general_ci;

--
-- Đang đổ dữ liệu cho bảng `tags`
--

INSERT INTO `tags` (`id`, `name`, `type`, `note`, `created_at`, `updated_at`, `code_fragment`) VALUES
(1, 'Toán', 'SUBJECT', 'Môn học Toán', '2025-03-14 11:03:24', '2025-03-14 11:03:24', 'TH'),
(2, 'Lý', 'SUBJECT', 'Môn học Lý', '2025-03-14 11:03:24', '2025-03-14 11:03:24', 'VL'),
(3, 'Hóa', 'SUBJECT', 'Môn học Hóa', '2025-03-14 11:03:24', '2025-03-14 11:03:24', 'HH'),
(4, 'Văn', 'SUBJECT', 'Môn học Văn', '2025-03-14 11:03:24', '2025-03-14 11:03:24', 'VH'),
(5, 'Anh', 'SUBJECT', 'Môn học Anh', '2025-03-14 11:03:24', '2025-03-14 11:03:24', 'TA'),
(6, 'Sinh', 'SUBJECT', 'Môn học Sinh', '2025-03-14 11:03:24', '2025-03-14 11:03:24', 'SH'),
(7, 'Tin', 'SUBJECT', 'Môn học Tin', '2025-03-14 11:03:24', '2025-03-14 11:03:24', 'TI'),
(8, 'Mỹ thuật', 'SUBJECT', 'Môn học Mỹ thuật', '2025-03-14 11:03:24', '2025-03-14 11:03:24', 'MT'),
(9, 'Lớp 6', 'GRADE', 'Lớp 6', '2025-03-14 11:03:24', '2025-03-14 11:03:24', '6'),
(10, 'Lớp 7', 'GRADE', 'Lớp 7', '2025-03-14 11:03:24', '2025-03-14 11:03:24', '7'),
(11, 'Lớp 8', 'GRADE', 'Lớp 8', '2025-03-14 11:03:24', '2025-03-14 11:03:24', '8'),
(12, 'Lớp 9', 'GRADE', 'Lớp 9', '2025-03-14 11:03:24', '2025-03-14 11:03:24', '9'),
(13, 'Lớp 10', 'GRADE', 'Lớp 10', '2025-03-14 11:03:24', '2025-03-14 11:03:24', '10'),
(14, 'Lớp 11', 'GRADE', 'Lớp 11', '2025-03-14 11:03:24', '2025-03-14 11:03:24', '11'),
(15, 'Lớp 12', 'GRADE', 'Lớp 12', '2025-03-14 11:03:24', '2025-03-14 11:03:24', '12');

-- --------------------------------------------------------

--
-- Cấu trúc bảng cho bảng `teacherreviews`
--

CREATE TABLE `teacherreviews` (
  `id` int(11) NOT NULL,
  `teacher_id` int(11) NOT NULL,
  `student_id` int(11) NOT NULL,
  `rate` int(11) NOT NULL,
  `description` varchar(255) NOT NULL,
  `created_at` datetime NOT NULL DEFAULT '2025-03-14 11:03:24',
  `updated_at` datetime NOT NULL DEFAULT '2025-03-14 11:03:24'
) ENGINE=InnoDB DEFAULT CHARSET=utf8mb4 COLLATE=utf8mb4_general_ci;

-- --------------------------------------------------------

--
-- Cấu trúc bảng cho bảng `transactions`
--

CREATE TABLE `transactions` (
  `id` int(11) NOT NULL,
  `receipt_id` int(11) NOT NULL,
  `user_id` int(11) NOT NULL,
  `transaction_code` varchar(255) NOT NULL,
  `payment_method` varchar(255) NOT NULL,
  `amount` float NOT NULL,
  `status` enum('PENDING','SUCCESS','FAILED','CANCELLED','REFUNDED') NOT NULL,
  `raw_response_from_gateway` text DEFAULT NULL,
  `note` varchar(255) DEFAULT NULL,
  `paid_at` datetime DEFAULT NULL,
  `refunded_at` datetime DEFAULT NULL,
  `created_at` datetime NOT NULL,
  `updated_at` datetime NOT NULL
) ENGINE=InnoDB DEFAULT CHARSET=utf8mb4 COLLATE=utf8mb4_general_ci;

--
-- Đang đổ dữ liệu cho bảng `transactions`
--

INSERT INTO `transactions` (`id`, `receipt_id`, `user_id`, `transaction_code`, `payment_method`, `amount`, `status`, `raw_response_from_gateway`, `note`, `paid_at`, `refunded_at`, `created_at`, `updated_at`) VALUES
(1, 1, 2, 'U2C1DSun Mar 16 2025 23:20:45 GMT+0700 (Indochina Time)', 'VNPay', 1000, 'PENDING', '{}', '1', '2025-03-16 23:20:45', NULL, '2025-03-16 23:20:45', '2025-03-16 23:20:45'),
(2, 1, 50, 'U50C1DWed Mar 19 2025 16:35:22 GMT+0700 (Indochina Time)', 'VNPay', 1000, 'PENDING', '{}', '1', '2025-03-19 16:35:22', NULL, '2025-03-19 16:37:06', '2025-03-19 16:37:06'),
(3, 2, 50, 'U50C2DThu Mar 20 2025 14:38:15 GMT+0700 (Indochina Time)', 'VNPay', 1000000, 'PENDING', '{}', '2', '2025-03-20 14:38:15', NULL, '2025-03-20 14:40:01', '2025-03-20 14:40:01'),
(4, 1, 3, 'U3C1DThu Mar 20 2025 15:30:25 GMT+0700 (Indochina Time)', 'VNPay', 1000, 'PENDING', '{}', '1', '2025-03-20 15:30:25', NULL, '2025-03-20 15:32:10', '2025-03-20 15:32:10'),
(5, 2, 3, 'U3C2DThu Mar 20 2025 15:35:47 GMT+0700 (Indochina Time)', 'VNPay', 1000000, 'PENDING', '{}', '2', '2025-03-20 15:35:47', NULL, '2025-03-20 15:37:33', '2025-03-20 15:37:33'),
(6, 2, 3, 'U3C2DThu Mar 20 2025 15:35:50 GMT+0700 (Indochina Time)', 'VNPay', 1000000, 'PENDING', '{}', '2', '2025-03-20 15:35:50', NULL, '2025-03-20 15:37:35', '2025-03-20 15:37:35');

-- --------------------------------------------------------

--
-- Cấu trúc bảng cho bảng `users`
--

CREATE TABLE `users` (
  `id` int(11) NOT NULL,
  `name` varchar(255) NOT NULL,
  `email` varchar(255) NOT NULL,
  `password_hash` varchar(255) NOT NULL,
  `role` varchar(255) NOT NULL,
  `avatar_url` varchar(255) DEFAULT NULL,
  `phone_number` varchar(255) DEFAULT NULL,
  `created_at` datetime NOT NULL DEFAULT '2025-03-14 11:03:23',
  `updated_at` datetime NOT NULL DEFAULT '2025-03-14 11:03:23',
  `date_of_birth` datetime DEFAULT NULL,
  `code` varchar(255) DEFAULT NULL,
  `is_thaiphien` tinyint(1) NOT NULL DEFAULT 0,
  `gender` enum('MALE','FEMALE','OTHER') NOT NULL,
  `address` varchar(255) DEFAULT NULL
) ENGINE=InnoDB DEFAULT CHARSET=utf8mb4 COLLATE=utf8mb4_general_ci;

--
-- Đang đổ dữ liệu cho bảng `users`
--

INSERT INTO `users` (`id`, `name`, `email`, `password_hash`, `role`, `avatar_url`, `phone_number`, `created_at`, `updated_at`, `date_of_birth`, `code`, `is_thaiphien`, `gender`, `address`) VALUES
(1, 'Admin Admin', 'admin@example.com', '$2a$08$5tPNlWPUVOlQwuUcJcI.vO0fvxAJbMm7hr1ISrGOVE3IwZ.27/uzi', 'ADMIN', NULL, NULL, '2025-03-14 11:03:29', '2025-03-14 11:03:29', NULL, NULL, 0, 'MALE', NULL),
(2, 'Nguyễn Văn A', 'student1@example.com', '$2a$08$6UTBRShMogCoNjNwhnerOua2FiSZBERPyWHmqSvxwTPNq0lKz/9CC', 'STUDENT', NULL, NULL, '2025-03-14 11:03:29', '2025-03-14 11:03:29', '2007-01-01 07:00:00', 'HS.2007.01', 0, 'MALE', NULL),
(3, 'Trần Thị B', 'student2@example.com', '$2a$08$6UTBRShMogCoNjNwhnerOua2FiSZBERPyWHmqSvxwTPNq0lKz/9CC', 'STUDENT', NULL, NULL, '2025-03-14 11:03:29', '2025-03-14 11:03:29', '2005-01-01 07:00:00', 'HS.2005.02', 0, 'MALE', NULL),
(4, 'Trần Thị C', 'student3@example.com', '$2a$08$6UTBRShMogCoNjNwhnerOua2FiSZBERPyWHmqSvxwTPNq0lKz/9CC', 'STUDENT', NULL, NULL, '2025-03-14 11:03:29', '2025-03-14 11:03:29', '2006-01-01 07:00:00', 'HS.2006.03', 0, 'MALE', NULL),
(5, 'Nguyễn Thành Vinh', 'teacher1@example.com', '$2a$08$6UTBRShMogCoNjNwhnerOua2FiSZBERPyWHmqSvxwTPNq0lKz/9CC', 'TEACHER', 'https://drive.google.com/file/d/1UdnrrzMKtpIPkTR5eEQh7ANfAyu-HhpP/view?usp=drivesdk', '0123456782', '2025-03-14 11:03:29', '2025-03-25 20:28:10', '1979-12-30 00:00:00', 'TH.GV.1', 0, 'FEMALE', 'hai bà trưng hà nội 1'),
(6, 'Trần Xuân Nam', 'teacher2@example.com', '$2a$08$6UTBRShMogCoNjNwhnerOua2FiSZBERPyWHmqSvxwTPNq0lKz/9CC', 'TEACHER', 'https://drive.google.com/file/d/1UdnrrzMKtpIPkTR5eEQh7ANfAyu-HhpP/view?usp=drivesdk', '0123456781', '2025-03-14 11:03:29', '2025-03-14 11:03:29', '1979-12-30 00:00:00', 'TH.GV.2', 0, 'MALE', 'đống đa hà nội'),
(7, 'Lương Thế C', 'aafair1@example.com', '$2a$08$6UTBRShMogCoNjNwhnerOua2FiSZBERPyWHmqSvxwTPNq0lKz/9CC', 'ACADEMIC_AFFAIR', NULL, NULL, '2025-03-14 11:03:29', '2025-03-14 11:03:29', NULL, NULL, 0, 'MALE', NULL),
(8, 'Cao Thị Hằng D', 'aafair2@example.com', '$2a$08$6UTBRShMogCoNjNwhnerOua2FiSZBERPyWHmqSvxwTPNq0lKz/9CC', 'ACADEMIC_AFFAIR', NULL, NULL, '2025-03-14 11:03:29', '2025-03-14 11:03:29', NULL, NULL, 0, 'MALE', NULL),
(9, 'Nguyễn Văn A', 'ketoan@gmail.com', '$2a$08$6UTBRShMogCoNjNwhnerOua2FiSZBERPyWHmqSvxwTPNq0lKz/9CC', 'KETOAN', NULL, '0123456789', '2025-03-14 11:04:32', '2025-03-14 11:04:32', '2025-03-14 11:04:30', 'HSTP.2025.9', 1, 'MALE', 'Số 7, Nguyễn Văn C'),
(10, 'Nguyễn Thị C', '12324@gmail.com', '$2a$08$e4tk7XBeJjhL0fnCntmuT.1zCSAkbL.w7jj5uWxTlfdqgY8Mvozuq', 'STUDENT', NULL, '0998765431', '2025-03-14 11:04:32', '2025-03-25 20:38:53', '2025-03-13 00:00:00', 'HS.2025.10', 0, 'MALE', 'Số 1, Nguyễn Văn D 123'),
(11, 'Nguyễn Văn A', '1233@123.com123', '$2a$08$zcKy0GP7E38INjAsM9MvJuHm/JUIv9Gt2GCASybaYTw/gPaWhmUPe', 'STUDENT', NULL, '0123456789', '2025-03-14 11:06:54', '2025-03-14 11:06:54', '2025-03-14 11:06:53', 'HSTP.2025.11', 1, 'MALE', 'Số 7, Nguyễn Văn C'),
(12, 'Nguyễn Thị C', '12324@gmail.com123', '$2a$08$fe9SjAKEYyL8zlhcfz2mcefxKtdQYaRH0kSfBPfQ7ppJuZdUqi2cW', 'STUDENT', NULL, '0998765432', '2025-03-14 11:06:54', '2025-03-14 11:06:54', '2025-03-14 11:06:53', 'HS.2025.12', 0, 'FEMALE', 'Số 1, Nguyễn Văn C'),
(13, 'Nguyễn Văn An', '1233@123.com12345', '$2a$08$dUGUPP5kiLjjkty1xJW.wODLF4cVuROtglCqafVWe.En2ya1E5P/G', 'STUDENT', NULL, '0000000000', '2025-03-14 11:11:36', '2025-03-14 11:11:36', '2025-03-14 11:11:31', 'HSTP.2025.13', 1, 'MALE', 'Số 7, Nguyễn Văn C'),
(14, 'Phạm Bảo An', '12324@gmail.com123456', '$2a$08$yluwi2axe1390qlgJAEoCeFuA6sH3NwjP8O/eQ4491dxuXrDRdLqi', 'STUDENT', NULL, '0000000000', '2025-03-14 11:11:36', '2025-03-14 11:11:36', '2025-03-14 11:11:31', 'HSTP.2025.14', 1, 'MALE', 'Số 1, Nguyễn Văn C'),
(15, 'Trần Đăng Bình An', '12A61@gmail.com', '$2a$08$NZuVhllomXxIS4mIrAhFCuNNlen1xmJb9wVmO3HTNmMj7o6NWjszS', 'STUDENT', NULL, '0000000000', '2025-03-14 11:11:36', '2025-03-14 11:11:36', '2025-03-14 11:11:31', 'HSTP.2025.15', 1, 'MALE', ''),
(16, 'Lê Thị Trâm Anh', '12A71@gmail.com', '$2a$08$wc0ZXo4hkZ86dItHwj.71eLDQ2TDI/C1E.l/Eb81/EBpKM7KVTAvK', 'STUDENT', NULL, '0000000000', '2025-03-14 11:11:36', '2025-03-14 11:11:36', '2025-03-14 11:11:31', 'HSTP.2025.16', 1, 'MALE', ''),
(17, 'Trần Thế Anh', '12A81@gmail.com', '$2a$08$GY6dJS7abtORbk6IcNOLROyVKbNLKAk7HXhL2NwdycwalAGih90AS', 'STUDENT', NULL, '0000000000', '2025-03-14 11:11:36', '2025-03-14 11:11:36', '2025-03-14 11:11:31', 'HSTP.2025.17', 1, 'MALE', ''),
(18, 'Võ Trần Phương Anh', '12A91@gmail.com', '$2a$08$/h1X.1VSkCijLRqTanaE..UYz1g15iwdeMJ85WxZkiGVx1uYw3/jK', 'STUDENT', NULL, '0000000000', '2025-03-14 11:11:36', '2025-03-14 11:11:36', '2025-03-14 11:11:31', 'HSTP.2025.18', 1, 'MALE', ''),
(19, 'Lê Thị Nguyệt Ánh', '12A101@gmail.com', '$2a$08$cQ/UZ6O3B1cKuqdCY5w7e.yj6z8Km6WMWZ.0ybLSatdwGV9LA.MJe', 'STUDENT', NULL, '0000000000', '2025-03-14 11:11:36', '2025-03-14 11:11:36', '2025-03-14 11:11:31', 'HSTP.2025.19', 1, 'MALE', ''),
(20, 'Nguyễn Quang Gia Bảo', '12A111@gmail.com', '$2a$08$BScDWBLrwyUCRiF0BkJomOIdwEQwtTZ91j1yL64.a5ogpa4G8wMC6', 'STUDENT', NULL, '0000000000', '2025-03-14 11:11:36', '2025-03-14 11:11:36', '2025-03-14 11:11:31', 'HSTP.2025.20', 1, 'MALE', ''),
(21, 'Mai Xuân Dũng', '12A121@gmail.com', '$2a$08$CvkhIT1HO.1L1UljHRA85OuO0Cqb1EaD5eKzqlqnM/ZpiFbfAEXay', 'STUDENT', NULL, '0000000000', '2025-03-14 11:11:36', '2025-03-14 11:11:36', '2025-03-14 11:11:31', 'HSTP.2025.21', 1, 'MALE', ''),
(22, 'Mai Linh Đan', '12A131@gmail.com', '$2a$08$ZewOIDl8/x9cC64w5qnboOPFfT7Vemod6Wr7EgFS5C4xCBIZpvfAG', 'STUDENT', NULL, '0000000000', '2025-03-14 11:11:36', '2025-03-14 11:11:36', '2025-03-14 11:11:31', 'HSTP.2025.22', 1, 'MALE', ''),
(23, 'Nguyễn Văn Tiến Đạt', '12A141@gmail.com', '$2a$08$zKkb6B.NjGcAnEPlZhdn1.HJIpIDgfL4VbRiLq3hMxwmv.jGf7GdO', 'STUDENT', NULL, '0000000000', '2025-03-14 11:11:36', '2025-03-14 11:11:36', '2025-03-14 11:11:31', 'HSTP.2025.23', 1, 'MALE', ''),
(24, 'Uông Ngọc Hải Đăng', '12A151@gmail.com', '$2a$08$KJz8vgz64XLjymTq7LA2UebTzaLsFBmkZGl0p1JZsLi5JHzF0fz.6', 'STUDENT', NULL, '0000000000', '2025-03-14 11:11:36', '2025-03-14 11:11:36', '2025-03-14 11:11:31', 'HSTP.2025.24', 1, 'MALE', ''),
(25, 'Trần Gia Hân', '12A161@gmail.com', '$2a$08$rqoslNP4tuNWzO/NMl3JZeOnbIlJbdlKvKZ5AGg.GQyqWkaJVqtpq', 'STUDENT', NULL, '0000000000', '2025-03-14 11:11:36', '2025-03-14 11:11:36', '2025-03-14 11:11:31', 'HSTP.2025.25', 1, 'MALE', ''),
(26, 'Lường Văn Minh Hiếu', '12A171@gmail.com', '$2a$08$6ILeomT3RAhuGJmLdJ1VHOf/9cZmUPspg7S199SNwet690uqGN87q', 'STUDENT', NULL, '0000000000', '2025-03-14 11:11:36', '2025-03-14 11:11:36', '2025-03-14 11:11:31', 'HSTP.2025.26', 1, 'MALE', ''),
(27, 'Hoàng Văn Hùng', '12A181@gmail.com', '$2a$08$KmffWQOLmA9rrj9kPvX18eEJZ2UPXXq9mDdwKgJ4/CGlDk1bZTWY2', 'STUDENT', NULL, '0000000000', '2025-03-14 11:11:36', '2025-03-14 11:11:36', '2025-03-14 11:11:31', 'HSTP.2025.27', 1, 'MALE', ''),
(28, 'Nguyễn Đức Hùng', '12A191@gmail.com', '$2a$08$856xZ.ltf/bM1NN46Pikw.QJpB7YBJueuEPWIcjyaF3c19O3GFBlS', 'STUDENT', NULL, '0000000000', '2025-03-14 11:11:36', '2025-03-14 11:11:36', '2025-03-14 11:11:31', 'HSTP.2025.28', 1, 'MALE', ''),
(29, 'Mai Thiên Phú Hưng', '12A201@gmail.com', '$2a$08$f7NOsgi8xKHxAPVfAl49f.8ifMCoeYpLDulbTnX7lEf6JqXQmZfqK', 'STUDENT', NULL, '0000000000', '2025-03-14 11:11:36', '2025-03-14 11:11:37', '2025-03-14 11:11:31', 'HSTP.2025.29', 1, 'MALE', ''),
(30, 'Trần Trọng Quốc Hưng', '12A211@gmail.com', '$2a$08$u/OWQ2zBoh49Y0N5t8xLd.72yKm5nAagltk.oGAqLJyISKC1.AetG', 'STUDENT', NULL, '0000000000', '2025-03-14 11:11:37', '2025-03-14 11:11:37', '2025-03-14 11:11:31', 'HSTP.2025.30', 1, 'MALE', ''),
(31, 'Trần Bảo Khang', '12A221@gmail.com', '$2a$08$TqlCI2TDGgbT2ZKhwQO97ulh2R0IvDwOBLy3p1LHBu4/kz3dbKVsS', 'STUDENT', NULL, '0000000000', '2025-03-14 11:11:37', '2025-03-14 11:11:37', '2025-03-14 11:11:31', 'HSTP.2025.31', 1, 'MALE', ''),
(32, 'Nguyễn Quang Duy Khánh', '12A231@gmail.com', '$2a$08$DUh7bfW0GltORRtL6Jk5UuLVe6df57mvoxAxDhrEMdfIs/tzIXAbu', 'STUDENT', NULL, '0000000000', '2025-03-14 11:11:37', '2025-03-14 11:11:37', '2025-03-14 11:11:31', 'HSTP.2025.32', 1, 'MALE', ''),
(33, 'Lê Ích Đăng Khôi', '12A241@gmail.com', '$2a$08$RcXQGzdo5upGH0eOfNDsSeZD/jzSgK8VcNKnsvzT5u6M/RHAwStdi', 'STUDENT', NULL, '0000000000', '2025-03-14 11:11:37', '2025-03-14 11:11:37', '2025-03-14 11:11:31', 'HSTP.2025.33', 1, 'MALE', ''),
(34, 'Trần Trọng Khôi', '12A251@gmail.com', '$2a$08$cZZI/P4Kwz9oTn3APFtZCu4yxr4RerSeH5aJastfNzGb8bA1uYVvC', 'STUDENT', NULL, '0000000000', '2025-03-14 11:11:37', '2025-03-14 11:11:37', '2025-03-14 11:11:31', 'HSTP.2025.34', 1, 'MALE', ''),
(35, 'Lê Tiến Minh', '12A261@gmail.com', '$2a$08$aqOdFAOWKoMelOMiLXZCW.zeBOKD/7Ntu09pSN07yr7JVYlypqugC', 'STUDENT', NULL, '0000000000', '2025-03-14 11:11:37', '2025-03-14 11:11:37', '2025-03-14 11:11:31', 'HSTP.2025.35', 1, 'MALE', ''),
(36, 'Nguyễn Thị Thảo My', '12A271@gmail.com', '$2a$08$e6alslbh3Y9dHS/yM7/8Ouw85jh85oSgs6bjooLPl.y1FDd2ZmJ5C', 'STUDENT', NULL, '0000000000', '2025-03-14 11:11:37', '2025-03-14 11:11:37', '2025-03-14 11:11:31', 'HSTP.2025.36', 1, 'MALE', ''),
(37, 'Lê Đình Hoài Nam', '12A281@gmail.com', '$2a$08$ePE43E9g3YyMkk8qsmx7der.4OKA3WJreKY1ukDknQv3P4dciZpQ2', 'STUDENT', NULL, '0000000000', '2025-03-14 11:11:37', '2025-03-14 11:11:37', '2025-03-14 11:11:31', 'HSTP.2025.37', 1, 'MALE', ''),
(38, 'Mai Thị Kim Ngân', '12A291@gmail.com', '$2a$08$UMzx9g2LIY323yojVZL33unDNQaMJutSDui9.ElvZs3bnpWHnxm1W', 'STUDENT', NULL, '0000000000', '2025-03-14 11:11:37', '2025-03-14 11:11:37', '2025-03-14 11:11:31', 'HSTP.2025.38', 1, 'MALE', ''),
(39, 'Nguyễn Thị Thảo Nguyên', '12A301@gmail.com', '$2a$08$/YIWZNjF3G0c8eFwoWIbf.GACm1IRZkx0fy.D1HTTIWM4ovC1d08u', 'STUDENT', NULL, '0000000000', '2025-03-14 11:11:37', '2025-03-14 11:11:37', '2025-03-14 11:11:31', 'HSTP.2025.39', 1, 'MALE', ''),
(40, 'Lê Bảo Nhi', '12A311@gmail.com', '$2a$08$infIB1.YvqHovQW1T6BmsuRbDKaHWeZLHxhsqA/ACz89E6gFpK6BG', 'STUDENT', NULL, '0000000000', '2025-03-14 11:11:37', '2025-03-14 11:11:37', '2025-03-14 11:11:31', 'HSTP.2025.40', 1, 'MALE', ''),
(41, 'Hoàng Trần An Nhiên', '12A321@gmail.com', '$2a$08$kEUsWab3F5RbsQH.BEWlFe7w36/un3YllfmbXV67ie.1p3.A1PI0u', 'STUDENT', NULL, '0000000000', '2025-03-14 11:11:37', '2025-03-14 11:11:37', '2025-03-14 11:11:31', 'HSTP.2025.41', 1, 'MALE', ''),
(42, 'Lê Thị Oanh', '12A331@gmail.com', '$2a$08$hhvpGrfjQdh.nZjytalxLOMWpNoz1hRMmxaUVkXxmPpasfdZPAGoa', 'STUDENT', NULL, '0000000000', '2025-03-14 11:11:37', '2025-03-14 11:11:37', '2025-03-14 11:11:31', 'HSTP.2025.42', 1, 'MALE', ''),
(43, 'Trương Văn Đăng Quang', '12A341@gmail.com', '$2a$08$eRQEPcuqlQz9yNn720wrO..sur3fCE1o9rGchcyo6NdXboCvf/Iba', 'STUDENT', NULL, '0000000000', '2025-03-14 11:11:37', '2025-03-14 11:11:37', '2025-03-14 11:11:31', 'HSTP.2025.43', 1, 'MALE', ''),
(44, 'Trần Tiến Minh Quân', '12A351@gmail.com', '$2a$08$A/NZe9p.W25Fn4UJQJNCVefGqGuSivEW3KxetUAMSRwR0OLRQnDVa', 'STUDENT', NULL, '0000000000', '2025-03-14 11:11:37', '2025-03-14 11:11:37', '2025-03-14 11:11:31', 'HSTP.2025.44', 1, 'MALE', ''),
(45, 'Lê Thị Bảo Trang', '12A361@gmail.com', '$2a$08$BQKSDbHYrj9x3TnU7ERJ/ehAaqc8xm4Bvo7q4T/T1m9uKsPs1mBaS', 'STUDENT', NULL, '0000000000', '2025-03-14 11:11:37', '2025-03-14 11:11:37', '2025-03-14 11:11:31', 'HSTP.2025.45', 1, 'MALE', ''),
(46, 'Nguyễn Hoàng Quang Trung', '12A371@gmail.com', '$2a$08$Vrw3RRZRsmPIu3BJ6taqY.I9WJokqPxUo94VoXOhml6f0J/OWBgDi', 'STUDENT', NULL, '0000000000', '2025-03-14 11:11:37', '2025-03-14 11:11:37', '2025-03-14 11:11:31', 'HSTP.2025.46', 1, 'MALE', ''),
(47, 'Hoàng Tuấn Cương', 'deanhgiupchu@gmail.com', '$2a$08$loSVm38PnkSVxy4RHAFaUuQYEAmrQsNWyWTXMqf82H8c32MTADVv6', 'TEACHER', 'https://drive.google.com/file/d/1WA0TJPkdWMV88lNf-yvmlMBh_tqpoZK9/view?usp=drivesdk', '0564893214', '2025-03-14 14:06:12', '2025-03-14 14:06:12', '2000-07-20 00:00:00', 'TH.GV.3', 0, 'MALE', 'đống đa hà nội'),
(48, 'Hoàng Tuấn Cương 1', 'trogiang@gmail.com', '$2a$08$6UTBRShMogCoNjNwhnerOua2FiSZBERPyWHmqSvxwTPNq0lKz/9CC', 'TROGIANG', NULL, '0123456789', '2025-03-17 20:35:57', '2025-03-17 20:35:57', '2025-03-11 00:00:00', 'HS.2025.48', 0, 'MALE', 'Số 1 Đại CỒ Việt'),
(49, 'Hoàng Tuấn Cương', 'abc@gmail.com', '$2a$08$ttstEdLxBrsVhZsewHzTIe4FiG.xn6kSx9RgqSxFB/Lm00c43nFYK', 'STUDENT', NULL, '1234567890', '2025-03-17 20:37:27', '2025-03-17 20:37:27', '2025-03-13 00:00:00', 'HS.2025.49', 0, 'MALE', 'hai bà trưng hà nội'),
(50, 'Vinh Nguyen', 'student5@example.com', '$2a$08$PfZCgxzi9XaiJmFBxAcMk.DkPZiT9oDlCRNHLMe8ZE7fy10amG38G', 'STUDENT', NULL, '0825992003', '2025-03-19 16:33:30', '2025-03-19 16:33:30', '2003-08-29 00:00:00', 'HS.2003.50', 0, 'MALE', 'Chua Boc');

--
-- Chỉ mục cho các bảng đã đổ
--

--
-- Chỉ mục cho bảng `additionalstudentdatas`
--
ALTER TABLE `additionalstudentdatas`
  ADD PRIMARY KEY (`user_id`),
  ADD KEY `AdditionalStudentDatas_homeroom_teacher_id_foreign_idx` (`homeroom_teacher_id`);

--
-- Chỉ mục cho bảng `additionalteacherdatas`
--
ALTER TABLE `additionalteacherdatas`
  ADD PRIMARY KEY (`user_id`),
  ADD KEY `subject_id` (`subject_id`);

--
-- Chỉ mục cho bảng `assignments`
--
ALTER TABLE `assignments`
  ADD PRIMARY KEY (`id`),
  ADD KEY `exam_id` (`exam_id`),
  ADD KEY `course_id` (`course_id`);

--
-- Chỉ mục cho bảng `awards`
--
ALTER TABLE `awards`
  ADD PRIMARY KEY (`id`),
  ADD KEY `user_id` (`user_id`);

--
-- Chỉ mục cho bảng `blogs`
--
ALTER TABLE `blogs`
  ADD PRIMARY KEY (`id`),
  ADD KEY `user_id` (`author_id`);

--
-- Chỉ mục cho bảng `courseblogs`
--
ALTER TABLE `courseblogs`
  ADD PRIMARY KEY (`id`),
  ADD KEY `course_id` (`course_id`),
  ADD KEY `blog_id` (`blog_id`);

--
-- Chỉ mục cho bảng `courselessons`
--
ALTER TABLE `courselessons`
  ADD PRIMARY KEY (`id`),
  ADD KEY `course_id` (`course_id`);

--
-- Chỉ mục cho bảng `coursemembers`
--
ALTER TABLE `coursemembers`
  ADD PRIMARY KEY (`id`),
  ADD KEY `user_id` (`user_id`),
  ADD KEY `course_id` (`course_id`);

--
-- Chỉ mục cho bảng `courses`
--
ALTER TABLE `courses`
  ADD PRIMARY KEY (`id`);

--
-- Chỉ mục cho bảng `courseshifts`
--
ALTER TABLE `courseshifts`
  ADD PRIMARY KEY (`id`),
  ADD KEY `CourseTimes_course_id_Courses_fk` (`course_id`);

--
-- Chỉ mục cho bảng `coursetags`
--
ALTER TABLE `coursetags`
  ADD PRIMARY KEY (`course_id`,`tag_id`),
  ADD KEY `tag_id` (`tag_id`);

--
-- Chỉ mục cho bảng `drivefilemetadatas`
--
ALTER TABLE `drivefilemetadatas`
  ADD PRIMARY KEY (`id`);

--
-- Chỉ mục cho bảng `entryexammembers`
--
ALTER TABLE `entryexammembers`
  ADD PRIMARY KEY (`id`),
  ADD KEY `user_id` (`user_id`),
  ADD KEY `exam_id` (`exam_id`);

--
-- Chỉ mục cho bảng `exams`
--
ALTER TABLE `exams`
  ADD PRIMARY KEY (`id`),
  ADD KEY `Exams_teacher_id_foreign_idx` (`teacher_id`);

--
-- Chỉ mục cho bảng `receipts`
--
ALTER TABLE `receipts`
  ADD PRIMARY KEY (`id`),
  ADD KEY `course_id` (`course_id`);

--
-- Chỉ mục cho bảng `rollcalls`
--
ALTER TABLE `rollcalls`
  ADD PRIMARY KEY (`id`),
  ADD KEY `user_id` (`user_id`),
  ADD KEY `lesson_id` (`lesson_id`);

--
-- Chỉ mục cho bảng `scores`
--
ALTER TABLE `scores`
  ADD PRIMARY KEY (`id`),
  ADD KEY `user_id` (`user_id`),
  ADD KEY `assignment_id` (`assignment_id`);

--
-- Chỉ mục cho bảng `sequelizemeta`
--
ALTER TABLE `sequelizemeta`
  ADD PRIMARY KEY (`name`),
  ADD UNIQUE KEY `name` (`name`);

--
-- Chỉ mục cho bảng `tags`
--
ALTER TABLE `tags`
  ADD PRIMARY KEY (`id`);

--
-- Chỉ mục cho bảng `teacherreviews`
--
ALTER TABLE `teacherreviews`
  ADD PRIMARY KEY (`id`),
  ADD KEY `teacher_id` (`teacher_id`),
  ADD KEY `student_id` (`student_id`);

--
-- Chỉ mục cho bảng `transactions`
--
ALTER TABLE `transactions`
  ADD PRIMARY KEY (`id`),
  ADD KEY `receipt_id` (`receipt_id`),
  ADD KEY `user_id` (`user_id`);

--
-- Chỉ mục cho bảng `users`
--
ALTER TABLE `users`
  ADD PRIMARY KEY (`id`),
  ADD UNIQUE KEY `email` (`email`);

--
-- AUTO_INCREMENT cho các bảng đã đổ
--

--
-- AUTO_INCREMENT cho bảng `assignments`
--
ALTER TABLE `assignments`
  MODIFY `id` int(11) NOT NULL AUTO_INCREMENT, AUTO_INCREMENT=13;

--
-- AUTO_INCREMENT cho bảng `awards`
--
ALTER TABLE `awards`
  MODIFY `id` int(11) NOT NULL AUTO_INCREMENT;

--
-- AUTO_INCREMENT cho bảng `blogs`
--
ALTER TABLE `blogs`
  MODIFY `id` int(11) NOT NULL AUTO_INCREMENT, AUTO_INCREMENT=3;

--
-- AUTO_INCREMENT cho bảng `courseblogs`
--
ALTER TABLE `courseblogs`
  MODIFY `id` int(11) NOT NULL AUTO_INCREMENT;

--
-- AUTO_INCREMENT cho bảng `courselessons`
--
ALTER TABLE `courselessons`
  MODIFY `id` int(11) NOT NULL AUTO_INCREMENT, AUTO_INCREMENT=215;

--
-- AUTO_INCREMENT cho bảng `coursemembers`
--
ALTER TABLE `coursemembers`
  MODIFY `id` int(11) NOT NULL AUTO_INCREMENT, AUTO_INCREMENT=160;

--
-- AUTO_INCREMENT cho bảng `courses`
--
ALTER TABLE `courses`
  MODIFY `id` int(11) NOT NULL AUTO_INCREMENT, AUTO_INCREMENT=17;

--
-- AUTO_INCREMENT cho bảng `courseshifts`
--
ALTER TABLE `courseshifts`
  MODIFY `id` int(11) NOT NULL AUTO_INCREMENT, AUTO_INCREMENT=18;

--
-- AUTO_INCREMENT cho bảng `drivefilemetadatas`
--
ALTER TABLE `drivefilemetadatas`
  MODIFY `id` int(11) NOT NULL AUTO_INCREMENT, AUTO_INCREMENT=15;

--
-- AUTO_INCREMENT cho bảng `entryexammembers`
--
ALTER TABLE `entryexammembers`
  MODIFY `id` int(11) NOT NULL AUTO_INCREMENT;

--
-- AUTO_INCREMENT cho bảng `exams`
--
ALTER TABLE `exams`
  MODIFY `id` int(11) NOT NULL AUTO_INCREMENT, AUTO_INCREMENT=15;

--
-- AUTO_INCREMENT cho bảng `receipts`
--
ALTER TABLE `receipts`
  MODIFY `id` int(11) NOT NULL AUTO_INCREMENT, AUTO_INCREMENT=3;

--
-- AUTO_INCREMENT cho bảng `rollcalls`
--
ALTER TABLE `rollcalls`
  MODIFY `id` int(11) NOT NULL AUTO_INCREMENT, AUTO_INCREMENT=4;

--
-- AUTO_INCREMENT cho bảng `scores`
--
ALTER TABLE `scores`
  MODIFY `id` int(11) NOT NULL AUTO_INCREMENT, AUTO_INCREMENT=9;

--
-- AUTO_INCREMENT cho bảng `tags`
--
ALTER TABLE `tags`
  MODIFY `id` int(11) NOT NULL AUTO_INCREMENT, AUTO_INCREMENT=16;

--
-- AUTO_INCREMENT cho bảng `teacherreviews`
--
ALTER TABLE `teacherreviews`
  MODIFY `id` int(11) NOT NULL AUTO_INCREMENT;

--
-- AUTO_INCREMENT cho bảng `transactions`
--
ALTER TABLE `transactions`
  MODIFY `id` int(11) NOT NULL AUTO_INCREMENT, AUTO_INCREMENT=7;

--
-- AUTO_INCREMENT cho bảng `users`
--
ALTER TABLE `users`
  MODIFY `id` int(11) NOT NULL AUTO_INCREMENT, AUTO_INCREMENT=51;

--
-- Các ràng buộc cho các bảng đã đổ
--

--
-- Các ràng buộc cho bảng `additionalstudentdatas`
--
ALTER TABLE `additionalstudentdatas`
  ADD CONSTRAINT `AdditionalStudentDatas_homeroom_teacher_id_foreign_idx` FOREIGN KEY (`homeroom_teacher_id`) REFERENCES `users` (`id`),
  ADD CONSTRAINT `additionalstudentdatas_ibfk_1` FOREIGN KEY (`user_id`) REFERENCES `users` (`id`);

--
-- Các ràng buộc cho bảng `additionalteacherdatas`
--
ALTER TABLE `additionalteacherdatas`
  ADD CONSTRAINT `additionalteacherdatas_ibfk_1` FOREIGN KEY (`user_id`) REFERENCES `users` (`id`) ON DELETE CASCADE ON UPDATE CASCADE,
  ADD CONSTRAINT `additionalteacherdatas_ibfk_2` FOREIGN KEY (`subject_id`) REFERENCES `tags` (`id`) ON DELETE CASCADE ON UPDATE CASCADE;

--
-- Các ràng buộc cho bảng `assignments`
--
ALTER TABLE `assignments`
  ADD CONSTRAINT `assignments_ibfk_1` FOREIGN KEY (`exam_id`) REFERENCES `exams` (`id`),
  ADD CONSTRAINT `assignments_ibfk_2` FOREIGN KEY (`course_id`) REFERENCES `courses` (`id`);

--
-- Các ràng buộc cho bảng `awards`
--
ALTER TABLE `awards`
  ADD CONSTRAINT `awards_ibfk_1` FOREIGN KEY (`user_id`) REFERENCES `users` (`id`);

--
-- Các ràng buộc cho bảng `blogs`
--
ALTER TABLE `blogs`
  ADD CONSTRAINT `blogs_ibfk_1` FOREIGN KEY (`author_id`) REFERENCES `users` (`id`) ON DELETE CASCADE ON UPDATE CASCADE;

--
-- Các ràng buộc cho bảng `courseblogs`
--
ALTER TABLE `courseblogs`
  ADD CONSTRAINT `courseblogs_ibfk_1` FOREIGN KEY (`course_id`) REFERENCES `courses` (`id`) ON DELETE CASCADE ON UPDATE CASCADE,
  ADD CONSTRAINT `courseblogs_ibfk_2` FOREIGN KEY (`blog_id`) REFERENCES `blogs` (`id`) ON DELETE CASCADE ON UPDATE CASCADE;

--
-- Các ràng buộc cho bảng `courselessons`
--
ALTER TABLE `courselessons`
  ADD CONSTRAINT `courselessons_ibfk_1` FOREIGN KEY (`course_id`) REFERENCES `courses` (`id`) ON DELETE CASCADE ON UPDATE CASCADE;

--
-- Các ràng buộc cho bảng `coursemembers`
--
ALTER TABLE `coursemembers`
  ADD CONSTRAINT `coursemembers_ibfk_1` FOREIGN KEY (`user_id`) REFERENCES `users` (`id`) ON DELETE CASCADE ON UPDATE CASCADE,
  ADD CONSTRAINT `coursemembers_ibfk_2` FOREIGN KEY (`course_id`) REFERENCES `courses` (`id`) ON DELETE CASCADE ON UPDATE CASCADE;

--
-- Các ràng buộc cho bảng `courseshifts`
--
ALTER TABLE `courseshifts`
  ADD CONSTRAINT `CourseTimes_course_id_Courses_fk` FOREIGN KEY (`course_id`) REFERENCES `courses` (`id`) ON DELETE CASCADE ON UPDATE CASCADE;

--
-- Các ràng buộc cho bảng `coursetags`
--
ALTER TABLE `coursetags`
  ADD CONSTRAINT `coursetags_ibfk_1` FOREIGN KEY (`course_id`) REFERENCES `courses` (`id`) ON DELETE CASCADE ON UPDATE CASCADE,
  ADD CONSTRAINT `coursetags_ibfk_2` FOREIGN KEY (`tag_id`) REFERENCES `tags` (`id`) ON DELETE CASCADE ON UPDATE CASCADE;

--
-- Các ràng buộc cho bảng `entryexammembers`
--
ALTER TABLE `entryexammembers`
  ADD CONSTRAINT `entryexammembers_ibfk_1` FOREIGN KEY (`user_id`) REFERENCES `users` (`id`),
  ADD CONSTRAINT `entryexammembers_ibfk_2` FOREIGN KEY (`exam_id`) REFERENCES `exams` (`id`);

--
-- Các ràng buộc cho bảng `exams`
--
ALTER TABLE `exams`
  ADD CONSTRAINT `Exams_teacher_id_foreign_idx` FOREIGN KEY (`teacher_id`) REFERENCES `users` (`id`) ON DELETE CASCADE ON UPDATE CASCADE;

--
-- Các ràng buộc cho bảng `receipts`
--
ALTER TABLE `receipts`
  ADD CONSTRAINT `receipts_ibfk_1` FOREIGN KEY (`course_id`) REFERENCES `courses` (`id`) ON DELETE CASCADE ON UPDATE CASCADE;

--
-- Các ràng buộc cho bảng `rollcalls`
--
ALTER TABLE `rollcalls`
  ADD CONSTRAINT `rollcalls_ibfk_1` FOREIGN KEY (`user_id`) REFERENCES `users` (`id`),
  ADD CONSTRAINT `rollcalls_ibfk_2` FOREIGN KEY (`lesson_id`) REFERENCES `courselessons` (`id`);

--
-- Các ràng buộc cho bảng `scores`
--
ALTER TABLE `scores`
  ADD CONSTRAINT `scores_ibfk_1` FOREIGN KEY (`user_id`) REFERENCES `users` (`id`) ON DELETE CASCADE ON UPDATE CASCADE,
  ADD CONSTRAINT `scores_ibfk_2` FOREIGN KEY (`assignment_id`) REFERENCES `assignments` (`id`) ON DELETE CASCADE ON UPDATE CASCADE;

--
-- Các ràng buộc cho bảng `teacherreviews`
--
ALTER TABLE `teacherreviews`
  ADD CONSTRAINT `teacherreviews_ibfk_1` FOREIGN KEY (`teacher_id`) REFERENCES `users` (`id`),
  ADD CONSTRAINT `teacherreviews_ibfk_2` FOREIGN KEY (`student_id`) REFERENCES `users` (`id`);

--
-- Các ràng buộc cho bảng `transactions`
--
ALTER TABLE `transactions`
  ADD CONSTRAINT `transactions_ibfk_1` FOREIGN KEY (`receipt_id`) REFERENCES `receipts` (`id`) ON DELETE CASCADE ON UPDATE CASCADE,
  ADD CONSTRAINT `transactions_ibfk_2` FOREIGN KEY (`user_id`) REFERENCES `users` (`id`) ON DELETE CASCADE ON UPDATE CASCADE;
COMMIT;

/*!40101 SET CHARACTER_SET_CLIENT=@OLD_CHARACTER_SET_CLIENT */;
/*!40101 SET CHARACTER_SET_RESULTS=@OLD_CHARACTER_SET_RESULTS */;
/*!40101 SET COLLATION_CONNECTION=@OLD_COLLATION_CONNECTION */;
